Name,ID
Abstract nonsense,Q1084766
Affine hull,Q382504
Almost everywhere,Q1139334
Alternating series,Q438842
Arrow,Q45922
Asymptotic analysis,Q752718
Banach fixed-point theorem,Q220680
Barycentric subdivision,Q4078260
Behavior,Q9332
Bernoulli's equation,Q181328
Bipartite graph,Q174733
Cauchy–Riemann equations,Q622741
Change of basis,Q810255
Chaotic,Q5072826
Chebyshev's inequality,Q249514
Conditional probabilities,Q327069
Confluence (abstract rewriting),Q1140902
Congruence (geometry),Q154210
Continuous predicate,Q5165503
Convergence of random variables,Q578985
Convex analysis,Q2234833
Cross ratio,Q899539
Density theorem (category theory),Q48996306
Dirichlet character,Q1063579
Discrete dynamical system,Q378637
Effectiveness,Q1296024
Euler - Maclaurin formula,Q282023
Filtration (mathematics),Q1187724
Finitary,Q5450381
Fractional calculus,Q1339058
Game of Life,Q244615
Generic point,Q449470
Higher-dimensional algebra,Q17029637
Hilbert symbol,Q740060
Hypostatic abstraction,Q5961184
Image (category theory),Q860530
Incidence geometry,Q4582901
Independence (probability theory),Q625303
Induced topology,Q17130880
Integration by parts,Q273328
Inverse semigroup,Q3022118
Jam,Q1269
Laws of Form,Q906302
List of continuity-related mathematical topics,Q5165409
List of things named after Gottfried Leibniz,Q394747
Markov chain,Q176645
Markov's inequality,Q842436
Matrix exponential,Q1191722
Matrix representation,Q6787889
Metre (music),Q630649
Multiple cross products,Q36248
Multiple roots of a polynomial,Q2228257
Nadir,Q145825
Newton's identities,Q1749812
Non-singular,Q7524253
Normal space,Q1071795
Orthonormal basis,Q2365325
Oscillation,Q170475
Parity (mathematics),Q230967
Partition (number theory),Q1082910
Pencil (mathematics),Q15736718
Permutation model,Q18085712
PoleS,Q249104
Potential theory,Q1154848
Pre-measure,Q1393014
Presburger arithmetic,Q956059
Quadrature (mathematics),Q576422
Quiver (mathematics),Q493980
Real form,Q7301156
Regular singular point,Q3925845
Relative cycle,Q55643339
Ring of sets,Q2064647
Rule of product,Q557624
Rule of sum,Q2360148
Rupture field,Q2997763
Semilinear map,Q2269145
Sign relation,Q7512593
Sin,Q60227
Soliton (topology),Q1770567
Stability theory,Q1756677
Steiner system,Q4420916
Structure,Q6671777
Structure constants,Q7625098
Subgroup series,Q360830
Summit,Q207326
null,Q109314515
null,Q72535212
mathematical concept,Q24034552
mathematical concept,Q246672