Wikidata ID,name,degree
Q11348,Mathematical Function,78
Q36161,SeT,51
Q179899,Topological space,36
Q83478,GrouP,34
Q177646,Proper subset,29
Q181296,Abelian group,28
Q164307,BinaryOperation,28
Q82571,LinearAlgebra,26
Q125977,VectorSpaces,26
Q161172,Ring (mathematics),24
Q188211,Invariant (mathematics),24
Q205464,Algebraic structure,22
Q719395,Category (mathematics),21
Q192276,Measure theory,19
Q2739329,Square matrix,19
Q18848,Module (algebra),18
Q190109,Field (mathematics),17
Q3884033,Finitary operation,16
Q1948412,MorphisM,16
Q12482,Axiomatic Set Theory,15
Q207643,Linear map,15
Q748349,Mathematical structure,15
Q44337,Matrix (Mathematics),15
Q864475,Functor,14
Q43260,Polynomial,14
Q180969,Algebraic geometry,13
Q130901,Asymmetrical relationship,13
Q180907,Bijection,13
Q11567,Complex numbers,13
Q204,0,12
Q177251,Associative property,12
Q3552958,Differential manifold,12
Q44649,Ideal (ring theory),12
Q12503,IntegerNumbers,12
Q625948,Topological invariant,12
Q191849,Zermelo–Fraenkel set theory,12
Q466109,SubGroup,11
Q141488,Graph (discrete mathematics),11
Q1055807,Group representation,11
Q664495,Lie Algebra,11
Q189569,Linear Algebra/Basis for a Vector Space,11
Q1166618,Mathematical logic,11
Q208237,Monoid,11
Q1000660,Algebra over a field,10
Q1695400,Algebraic group,10
Q168817,Algebraic number,10
Q648995,Algebraic variety,10
Q17736,Axiom,10
Q875399,Boundary (topology),10
Q381892,Compact space,10
Q170058,Continuity property,10
Q178546,Determinant,10
Q326908,Hausdorff space,10
Q215111,HomoMorphism,10
Q211548,Locus of points,10
Q370502,Map (mathematics),10
Q3058218,Measurable space,10
Q217357,Sigma-algebra,10
Q37555,Polygon,9
Q12916,Real numbers,9
Q166154,Straight line segment,9
Q1046291,Topological group,9
Q40276,Arithmetic/Multiplication,9
Q320357,Closed set,9
Q199006,Codomain,9
Q1491995,Connected space,9
Q182003,Injective function,9
Q622679,LieGroup,9
Q929302,Linear algebra/Dimension of a vector space,9
Q203920,ManiFold,9
Q21199,Natural numbers,9
Q1201815,Null set,9
Q199,1,8
Q3968,Al-Gebra,8
Q837924,Bilinear form,8
Q17278,Circle,8
Q2285809,Classical groups,8
Q865746,Distance function,8
Q202906,Homeomorphism,8
Q1144780,Homology group,8
Q261527,Linear form,8
Q467606,Model theory,8
Q11563,Number,8
Q12479,Number theory,8
Q213363,Open set,8
Q191290,Ordered pair,8
Q286972,P-group,8
Q44946,Point (geometry),8
Q173853,Quaternian,8
Q868473,Smooth function,8
Q229102,Surjective function,8
Q2721559,Topological manifold,8
Q19821,Triangle,8
Q652446,Uniform space,8
Q172937,Polyhedron,7
Q1143969,Principal ideal domain,7
Q13415428,Projection map,7
Q1781358,Wedge sum,7
Q3966112,"",7
Q3054889,"",7
Q78338964,"",7
Q613048,Algebraic number theory,7
Q600043,Character theory,7
Q193756,Complex analysis,7
Q1635267,Cone (topology),7
Q783507,Differentiability,7
Q4440864,Dimension,7
Q226183,Empty set,7
Q11345,Equation,7
Q1154996,Fiber bundle,7
Q577835,Field extension,7
Q1196038,Groupoid,7
Q574844,Kernel (algebra),7
Q679903,Magma (algebra),7
Q3058212,Measure space,7
Q217616,Meromorphic function,7
Q180953,Metric spaces,7
Q318751,Abelian variety,6
Q646245,Algebraic integer,6
Q744960,Associative algebra,6
Q782566,AutoMorphism,6
Q2342396,Bounded linear map,6
Q163875,Cardinal numbers,6
Q1143328,Chain complex,6
Q849705,Characteristic polynomial,6
Q217594,Class (set theory),6
Q165474,Commutative,6
Q578874,Complex manifold,6
Q124255,Conic sections,6
Q1211057,Convergent series,6
Q93344,Cosine,6
Q161973,Curve,6
Q188444,Differential geometry,6
Q986694,Discrete valuation ring,6
Q192439,Domain of a function,6
Q824282,Elementary function,6
Q1340800,Endomorphism,6
Q1347208,Epimorphism,6
Q1211071,Equivalence class,6
Q1497184,Fractional ideal,6
Q579600,Functional (mathematics),6
Q730384,Galois group,6
Q173740,Graphing the total product,6
Q765994,Group object,6
Q1617044,Heyting algebra,6
Q1627597,Hopf algebra,6
Q185813,Identity element,6
Q193794,Identity matrix,6
Q214159,Inner product space,6
Q80091,Integral,6
Q877802,Integral kernel,6
Q848427,Julia set,6
Q583034,Locally compact space,6
Q211790,Logical connective,6
Q629085,Multivalued function,6
Q616608,Number field,6
Q743418,Octonion,6
Q186475,Partial derivative,6
Q1419329,Pointed space,6
Q747980,Polytope,6
Q863912,Prime ideal,6
Q1428110,Regular measure,6
Q17102802,Rng (algebra),6
Q207348,SemiGroup,6
Q1165112,Singleton (set theory),6
Q2295009,Smash product,6
Q218005,Summation,6
Q484298,Surface (topology),6
Q160003,Tetrahedron,6
Q862761,Topological interior,6
Q922339,Topological ring,6
Q3553768,"",6
Q23924662,"",6
Q17521172,"",6
Q3487687,"",6
Q311627,P-adic number,5
Q7140405,Partially ordered ring,5
Q474715,PartialOrderedSet,5
Q860623,Preimage,5
Q240651,Prime element,5
Q1365548,Principal bundle,5
Q877775,Projective space,5
Q7252877,Proximity space,5
Q1138961,Quotient group,5
Q1806121,Range (function),5
Q1244890,RationalNumbers,5
Q1155772,Scheme (mathematics),5
Q1485102,Semisimple ring,5
Q133250,Sequence,5
Q170198,Series (mathematics),5
Q207961,Shape,5
Q595298,Sheaf (mathematics),5
Q2326800,Simple ring,5
Q912058,Simply-connected,5
Q134237,Square root,5
Q339011,Symmetric matrix,5
Q50701,Variable (mathematics),5
Q13471665,Vector (mathematics),5
Q39297,Volume,5
Q214604,Zero of a function,5
Q2996364,"",5
Q318598,"",5
Q111783780,"",5
Q13408581,"",5
Q810193,"",5
Q225107,Adjugate matrix,5
Q215084,Analytic function,5
Q451323,Antiderivation,5
Q11500,Area,5
Q17020770,Boolean-valued function,5
Q892585,Borel measure,5
Q850275,Conformal map,5
Q7756337,Differential algebra,5
Q1058681,Differential operator,5
Q1224487,Equaliser (mathematics),5
Q842346,Equality (mathematics),5
Q1326955,Exact sequence,5
Q120976,Factorial,5
Q21083858,Finitely generated group,5
Q192161,Formal language,5
Q190549,Functional analysis,5
Q190573,Gamma function,5
Q524607,General linear group,5
Q868169,Group homomorphism,5
Q83043,Hexagon,5
Q207476,Holomorphic function,5
Q843237,Index category,5
Q28113351,Inequality (mathematics),5
Q976375,Inner regular,5
Q2989575,Irreducible element,5
Q2920416,Kernel (category theory),5
Q827230,Lebesgue measure,5
Q190056,Linear Algebra/Hilbert Spaces,5
Q728435,Linear Algebra/Subspace,5
Q1804923,Long line (topology),5
Q306560,Mapping cone (topology),5
Q242188,Matrix inversion,5
Q1049914,Matrix multiplication,5
Q1194053,Metrizable space,5
Q1945067,Monomorphism,5
Q1952404,Multilinear map,5
Q17099189,Multiplicative character,5
Q1755242,Nilpotent group,5
Q592651,Non-Abelian group,5
Q2914509,Nullspace,5
Q2051983,Adjoint matrix,4
Q1945014,Algebra/set analogy,4
Q428290,Algebraic closure,4
Q1047547,Algebraically closed field,4
Q8366,Algorithm,4
Q2995691,Almost complex manifold,4
Q373045,Analytic grammar,4
Q10843274,Analytic number theory,4
Q1315869,Arity,4
Q60790315,Automorphism Group,4
Q194397,Banach space,4
Q1080067,Borel set,4
Q2518298,Category of sets,4
Q747027,Characteristic subgroup,4
Q522216,Commutator subgroup,4
Q45715,Complete graph,4
Q2362924,Complete lattice,4
Q5156529,Completely distributive lattice,4
Q1575634,Concrete category,4
Q42344,Conical,4
Q230655,Connected graph,4
Q1091024,Continuous linear map,4
Q363948,Contradiction,4
Q193657,Convex set,4
Q1554628,Cyclotomic,4
Q254347,Dedekind domain,4
Q11214,Differential equations of mathematical physics,4
Q2264419,Dirichlet L-series,4
Q2363730,Distribute lattice,4
Q1226939,Division (mathematics),4
Q190524,EigenVectors,4
Q1017231,Elementary abelian group,4
Q40112,Ellipse,4
Q130998,EquivalenceRelation,4
Q825857,Extended complex plane,4
Q1322786,Exterior (topology),4
Q619436,Factor ring,4
Q142140,Finitely generated abelian group,4
Q926996,First countable,4
Q81392,Fractals,4
Q1454165,Free product,4
Q92552,Galois theory,4
Q970767,Generalized eigenvector,4
Q182598,Graph (function),4
Q565186,Hausdorff dimension,4
Q1324364,Homogeneous space,4
Q574523,Immersion (mathematics),4
Q1418327,Indiscrete topology,4
Q17098198,Irreducible ideal,4
Q506041,Jacobian matrix and determinant,4
Q847204,Limit of a sequence,4
Q27670,Linear Algebra/Linearly Independent Vectors,4
Q1572357,Locally convex,4
Q649732,Logical calculus,4
Q4558786,Loop (topology),4
Q305936,Lp space,4
Q257,Mandelbrot set,4
Q177239,Mathematical Limit,4
Q1851710,Model (logic),4
Q870797,Modular form,4
Q2785361,Monoid object,4
Q2917823,Multiplicative set,4
Q595742,Möbius transformation,4
Q2444982,Noetherian module,4
Q131030,Operator (mathematics),4
Q3782642,Ordered ring,4
Q1783179,Orthogonal group,4
Q519967,Orthogonal projection,4
Q483372,Paradox,4
Q1756942,Partial function,4
Q127840,Pentagons,4
Q161519,Permutation,4
Q2042963,Picard group,4
Q1778098,Pointwise convergence,4
Q205170,Power set,4
Q1425985,Preorder,4
Q386597,Prime ring,4
Q2905043,Principal Ideal Ring,4
Q2997419,Projective linear group,4
Q942423,Projective module,4
Q3554818,Projective variety,4
Q1393796,Quotient space (linear algebra),4
Q209,Rectangle,4
Q41159,Rhombus,4
Q187235,Riemann zeta function,4
Q632814,Riemannian manifold,4
Q1333055,Rig (algebra),4
Q1289248,Scalar (mathematics),4
Q1363919,Second countable,4
Q956437,Semi-norm,4
Q1154351,Spectrum of a ring,4
Q125539,Submanifold,4
Q936434,Symplectic group,4
Q746550,Tangent bundle,4
Q188524,Tensors,4
Q25098802,Topological monoid,4
Q1455249,Topological vector space,4
Q5156532,Topologically complete,4
Q12510,Torus,4
Q1473607,Total degree,4
Q1362228,Totally bounded,4
Q321102,Trace (linear algebra),4
Q173091,Transcendental number,4
Q1191433,Tychonov space,4
Q185359,Union (set theory),4
Q1052579,Unique factorization domain,4
Q1987578,Unit interval,4
Q1500617,Unitary group,4
Q727103,Unitary matrix,4
Q13222579,Upper and lower bounds,4
Q12013681,Valuation ring,4
Q2138760,"",4
Q1626409,"",4
Q78484790,"",4
Q17123743,"",4
Q2498094,"",4
Q26851733,"",4
Q11756524,"",4
Q91267214,"",4
Q81376506,"",4
Q15079592,"",4
Q3555174,"",4
Q1413083,Parameter,3
Q1366002,Path (topology),3
Q2997817,Perfect field,3
Q7168101,Perfect set,3
Q184743,Periodic function,3
Q167,Pi,3
Q3054915,Pointed set,3
Q1207972,Polish space,3
Q50698,Polynomial equation,3
Q1455652,Polynomial ring,3
Q49008,Prime number,3
Q1428923,Profinite group,3
Q1475760,Projective plane,3
Q7249479,Projectivization,3
Q200694,Propositional calculus,3
Q1510587,Pseudo-Riemannian manifold,3
Q736753,Quadratic form,3
Q803531,Quadratic integer,3
Q2589508,Quotient algebra,3
Q656784,Rank (linear algebra),3
Q41237,Rational function,3
Q740970,Recurrence relation,3
Q845060,Relative extrema,3
Q1136782,Repesentation of a Lie algebra,3
Q1194212,Ring homomorphism,3
Q1358313,Ring of integers,3
Q168344,Ringed space,3
Q291126,Semidirect product,3
Q2366896,Semisimple Lie group,3
Q680081,Separable space,3
Q331350,Simplex,3
Q526790,Skew-symmetric matrix,3
Q2140900,Special linear group,3
Q7574831,Special linear Lie algebra,3
Q7575210,Spectral space,3
Q164,Square,3
Q17103642,Stalk of a sheaf,3
Q30587585,Stone space,3
Q1420023,Submersion (mathematics),3
Q906520,Summation method,3
Q3505239,Surface (mathematics),3
Q1307987,Suspension (topology),3
Q849512,Symmetric group,3
Q930499,Symmetric polynomial,3
Q1064500,Symplectic manifold,3
Q909601,Tangent space,3
Q7686763,Tarski monster group,3
Q131187,Taylor series,3
Q1163016,Tensor product,3
Q3756532,Ternary relation,3
Q11538,TheoremProving,3
Q1551033,Torsion group,3
Q1544261,Totally disconnected,3
Q1652969,Trivial ring,3
Q1056428,Type theory,3
Q1411887,Uniform convergence,3
Q186247,Vector field,3
Q1786640,Wreath product,3
Q288764,Étale fundamental group,3
Q105356493,"",3
Q1761121,"",3
Q1474543,"",3
Q3117934,"",3
Q78269866,"",3
Q7631151,"",3
Q78323465,"",3
Q1340572,"",3
Q357858,Adjoint functors,3
Q1371213,Affine connection,3
Q162608,Algebraic element,3
Q550791,Algebraic extension,3
Q1474074,Algebraic form,3
Q746863,Algebraic function,3
Q27058,Approximation,3
Q740424,Axiom of extensionality,3
Q1987722,Axiom of union,3
Q780487,Axiom schema of specification,3
Q179692,AxiomOfChoice,3
Q494141,Bialgebra,3
Q204355,Biconditional,3
Q3269980,Boolean domain,3
Q1047307,Bundle (mathematics),3
Q273188,CantorSet,3
Q4049983,Cardinality,3
Q190629,Centralizer and normalizer,3
Q511093,Centroid,3
Q810255,Change of basis,3
Q320369,Clopen set,3
Q5140810,Coequaliser,3
Q5155179,Comodule,3
Q848569,Complete metric space,3
Q126002,Concatenation,3
Q1319773,Consistency,3
Q746264,Constant function,3
Q210857,Convolution,3
Q751969,Coset,3
Q577705,Critical point (mathematics),3
Q214881,Curvature,3
Q29175,Derivative,3
Q558339,Dihedral group,3
Q209675,Dirac delta function,3
Q1142861,Direct sum of modules,3
Q1782332,Divisible group,3
Q181365,Dot product,3
Q13520655,Double factorial,3
Q752487,Dual space,3
Q2742711,Eccentricity (graph theory),3
Q188758,Eicosahedron,3
Q938102,Elliptic function,3
Q867345,Euclidean domain,3
Q17295,Euclidean space,3
Q4391173,Exponential (category theory),3
Q1196652,Exterior algebra,3
Q1397439,Fiber product,3
Q47577,Fibonacci number,3
Q1052692,Filter (mathematics),3
Q1454111,Free abelian group,3
Q2015432,Free loop,3
Q1292333,Free module,3
Q2007878,Functor category,3
Q662830,Fundamental group,3
Q2020004,Galois extension,3
Q44455,Game theory,3
Q724975,Gaussian integer,3
Q28517129,Genus (mathematics),3
Q5572389,Gluing axiom,3
Q288465,Group action (mathematics),3
Q5611270,Group scheme,3
Q746083,Homotopy,3
Q1626416,Homotopy group,3
Q912083,Ideal class group,3
Q321119,Identity function,3
Q2716519,Injective module,3
Q1139583,Inner automorphism,3
Q187631,Interpolation,3
Q2920801,Invariant polynomial,3
Q338057,Inverse element,3
Q674533,Inverse trigonometric functions,3
Q1674414,Isogeny,3
Q740207,Isometry,3
Q189112,Isomorphic,3
Q1322614,Limit (category theory),3
Q27628,Linear Algebra/Linear Combination,3
Q16977077,Linear Lie algebra,3
Q1868517,Local field,3
Q1142704,Local ring,3
Q289093,Localization of a ring and a module,3
Q2136937,Locally finite measure,3
Q220433,Logical equivalence,3
Q2066070,Loop space,3
Q1014869,Mapping cylinder,3
Q1203540,Maximal ideal,3
Q516776,Measurable function,3
Q6822327,Metabelian group,3
Q1475294,Minimal element,3
Q1163608,Minimum polynomial,3
Q306610,N-sphere,3
Q582271,Noetherian ring,3
Q191780,Ordinal numbers,3
Q465274,Ordinary differential equations,3
Q1477782,Orientation (vector space),3
Q215067,Orthogonal,3
Q1411166,Orthonormality,3
Q382698,Affine space,2
Q382497,Affine transformation,2
Q2165111,Alternative algebra,2
Q4748472,Ample vector bundle,2
Q485287,Analytic continuation,2
Q4779193,Apartness relation,2
Q2528476,Ascending chain condition,2
Q920450,Axiom of infinity,2
Q920796,Axiom of pairing,2
Q470981,Axiom of regularity,2
Q803936,Baire space (set theory),2
Q806066,Banach algebra,2
Q809690,Barycenter,2
Q2903821,Bimodule,2
Q1317188,BN pair,2
Q726212,Bounded set,2
Q377166,Byholomorphy,2
Q616653,Cantor space,2
Q1725874,Cartesian closed category,2
Q5062139,Central product,2
Q4504468,Chain (algebraic topology),2
Q1934165,Change of variables,2
Q1062934,Character (mathematics),2
Q836088,Characteristic (algebra),2
Q190913,Chomsky hierarchy,2
Q986909,Class function (algebra),2
Q5135347,Closed monoidal category,2
Q320346,Closure (topology),2
Q10564851,Closure operator,2
Q281212,Cofiniteness,2
Q2156511,Cokernel,2
Q546145,Compactification (mathematics),2
Q5156470,Complete Heyting algebra,2
Q5156554,Complex Lie group,2
Q2525646,Composition series,2
Q31924,Connection (mathematics),2
Q208416,Continuum hypothesis,2
Q768656,Convergence in measure,2
Q11210,Coordinates,2
Q1142143,Cotangent bundle,2
Q185478,Countably infinite,2
Q7874246,Coxeter group,2
Q5014001,CR manifold,2
Q189061,CW complex,2
Q245462,Cyclic group,2
Q212130,Cyclic permutation,2
Q320245,Derived functor,2
Q332791,Diagonal matrix,2
Q1058314,Diffeomorphism,2
Q13582243,Direct summand,2
Q5282068,Discrete valuation,2
Q865811,Distribution (mathematics),2
Q189000,Divergence,2
Q650741,Division ring,2
Q178296,Dodecahedron,2
Q5310181,Dual isogeny,2
Q2235316,Elementary symmetric function,2
Q268493,Elliptic curve,2
Q980509,Embedding,2
Q2896709,Endomorphism ring,2
Q847600,Entire function,2
Q1082992,Equivalence of categories,2
Q1969054,Essential supremum and essential infimum,2
Q852973,Euler characteristic,2
Q82435,Eulers number,2
Q5419318,Examples of groups,2
Q1385462,Extremally disconnected space,2
Q1064276,Faithful functor,2
Q246506,Field of sets,2
Q207014,Fifth Postulate,2
Q5448799,Filled Julia set,2
Q603880,Finite field,2
Q1426191,Flat module,2
Q6520159,Fourier Transform,2
Q1471397,Frechet topology,2
Q431078,Free group,2
Q769124,Frobenius endomorphism,2
Q934367,Function space,2
Q594452,Functional equation,2
Q15260871,Gauge group (mathematics),2
Q2851438,GCD domain,2
Q938283,Generalized flag variety,2
Q5532500,Generalized permutation matrix,2
Q643669,Generating set,2
Q734209,Generating set of a group,2
Q905837,Graph minor,2
Q17019511,Group algebra,2
Q1451046,Gödel numbering,2
Q1562471,H-space,2
Q644719,Half-space (geometry),2
Q2256693,Hamiltonian flow,2
Q1601337,Heisenberg group,2
Q5711485,Hemicompact space,2
Q82029,Henstock–Kurzweil integral,2
Q5761182,Hilbert C*-module,2
Q1622692,Hodge star operator,2
Q3139500,Holomorph (mathematics),2
Q1132952,Homogenous function,2
Q1502277,Homology sphere,2
Q14775269,Homotopy category,2
Q5900529,Hopfian group,2
Q193796,Imaginary unit,2
Q1663694,Inclusion map,2
Q193885,Infinitesimal,2
Q1493740,Integral closure,2
Q628792,Integral domain,2
Q256355,Intertwiner,2
Q2634828,Inverse limit,2
Q1476663,Irreducible polynomial,2
Q1673182,Irreducible set,2
Q1142889,Isolated point,2
Q6086107,Isomorphic categories,2
Q287419,J-invariant,2
Q649977,Jordan algebra,2
Q849798,Knot theory,2
Q1225713,Krull dimension,2
Q1353916,Kähler manifold,2
Q199691,Laplace transform,2
Q203484,Laplacian,2
Q1761084,Length of a module,2
Q548675,Levi-Civita connection,2
Q623761,Levi-Civita symbol,2
Q6543824,Lie groupoid,2
Q1133024,Lie superalgebra,2
Q33540,Limit of a function,2
Q209812,Linear Algebra/Generating a Vector Space,2
Q6553407,Linear algebraic group,2
Q909669,Linear equivalence,2
Q2147620,Locally compact topological group,2
Q11197,Logarithm,2
Q2528262,Lower set,2
Q102761,Lowest common multiple,2
Q2915729,Matrix Algebra,2
Q1361088,Matrix decomposition,2
Q1000120,Maximal torus,2
Q210841,Modal logic,2
Q727035,Modified adjacency matrix,2
Q1630568,Monad (category theory),2
Q243723,Monomial,2
Q194404,Monotonic function,2
Q864377,Multiset,2
Q1072771,Möbius inversion formula,2
Q1442189,Natural transformation,2
Q15148889,Nilpotent Lie algebra,2
Q1503766,Non-standard analysis,2
Q4391941,Nonassociative ring,2
Q2331395,Normal extension,2
Q283804,Nuclear space,2
Q3033506,Null graph,2
Q7071450,Néron–Severi group,2
Q188884,Octahedron,2
Q331481,Open cover,2
Q1780921,Orthogonal complement,2
Q333871,Orthogonal matrix,2
Q3630548,Outer automorphism group,2
Q258374,Outer measure,2
Q970119,Paracompact space,2
Q1064405,Parity of a permutation,2
Q2715875,Partially ordered group,2
Q336233,Pauli matrices,2
Q1069099,Payoff matrix,2
Q1412905,Permutation group,2
Q851512,Permutation matrix,2
Q9248237,Pointwise,2
Q355020,Probability measure,2
Q901718,Product (mathematics),2
Q177409,Projective geometry,2
Q3606768,Propositional function,2
Q370634,Pseudo inverse,2
Q978505,Pullback (differential geometry),2
Q1633079,Pushout (mathematics),2
Q7268888,Quantale,2
Q1335680,Quaternion group,2
Q1139111,Quotient space (topology),2
Q2126650,Radon measure,2
Q4177774,Rectangular band,2
Q670036,Rectifiable curve,2
Q13690522,Reducible representation,2
Q2138875,Regular local ring,2
Q1193403,Regular space,2
Q386320,Representable functor,2
Q9462417,Residuated lattice,2
Q7316304,Restricted product,2
Q753035,Riemann surface,2
Q756747,Root of unity,2
Q33401,Russell's paradox,2
Q1369621,Schwartz space,2
Q1747745,Second category,2
Q834585,Semilattice,2
Q1135427,Sequentially compact,2
Q1931224,Sesquilinear form,2
Q1131116,Set-theoretic limit,2
Q1493952,Sheaf cohomology,2
Q2119470,Sierpiński space,2
Q1764371,Signed measure,2
Q913022,Simple function,2
Q571124,Simple group,2
Q956233,Simple module,2
Q994399,Simplicial complex,2
Q1467124,Simplicial set,2
Q1095056,Singular homology,2
Q759832,Solvable group,2
Q7558992,Solvable Lie algebra,2
Q684363,Special unitary group,2
Q1996100,Splitting field,2
Q3554830,Stable manifold,2
Q769917,Star-convex,2
Q2033899,Stone–Čech compactification,2
Q4596935,Strict 2-category,2
Q929536,Subring criteria,2
Q40754,Subtraction,2
Q1136376,Support (mathematics),2
Q875333,SurrealNumbers,2
Q1052674,Symmetric algebra,2
Q2100018,Symmetric bilinear form,2
Q621461,Symmetric relation,2
Q7661853,Symplectic vector field,2
Q766774,Symplectic vector space,2
Q2296021,Tensor algebra,2
Q48995828,Tensor product of representations,2
Q810214,Topological base,2
Q7825035,Topological game,2
Q2478475,Topological neighbourhood,2
Q382874,Torsion module,2
Q2293759,Torsion subgroup,2
Q7827200,Torsion-free module,2
Q636889,Total derivative,2
Q64861,Transitive relation,2
Q223683,Transpose,2
Q272735,Tree (graph theory),2
Q8084,Trigonometery,2
Q5108738,Unbounded operator,2
Q2495534,Unitary transformation,2
Q597663,Universe (mathematics),2
Q3258885,Upper half-plane,2
Q3502010,Variety (universal algebra),2
Q66055,Vulgar fraction,2
Q505760,Weak topology,2
Q2343600,Weierstrass's elliptic functions,2
Q659746,Well-ordered set,2
Q778947,Writhe,2
Q147978,Zariski topology,2
Q16089841,Zero vector space,2
Q91052291,"",2
Q91052280,"",2
Q91050456,"",2
Q98929882,"",2
Q25447455,"",2
Q17859776,"",2
Q97623888,"",2
Q52088805,"",2
Q1333611,"",2
Q10260753,"",2
Q7134470,Paradoxical set,1
Q919125,Parallelogram law,1
Q431617,Partial fractions in integration,1
Q191690,Partition of unity,1
Q842755,Peano postulates,1
Q1571290,Perfect group,1
Q1344007,Permanent (mathematics),1
Q1189744,Pfaffian,1
Q547823,Planar graph,1
Q2101158,Polar decomposition,1
Q192388,Position (vector),1
Q2627013,Positive element,1
Q33456,Power (mathematics),1
Q1822837,Power associativity,1
Q206925,Power series,1
Q2628674,Primitive element (field theory),1
Q3755543,Principal homogeneous space,1
Q44382,Principal ideal,1
Q1572094,Product measure,1
Q2725924,Product of group,1
Q3406712,Product ring,1
Q1090009,Proper function,1
Q2642629,Pseudograph,1
Q4200951,Pullback bundle,1
Q1548483,Quadratic extension,1
Q15909572,Quadratic formula,1
Q2122223,Quantum group,1
Q3413378,Quasi-isomorphism,1
Q2281199,Quasicyclic group,1
Q1503423,Quasigroup,1
Q1432554,Quotient module,1
Q7279807,Racks and quandles,1
Q176623,RandomVariable,1
Q633815,Real projective plane,1
Q3038340,Rectifiable set,1
Q877945,Recursive set,1
Q7306331,Reduced homology,1
Q5511959,Reduction of the structure group of a bundle,1
Q426221,Reflection (mathematics),1
Q1193137,Regular cardinal,1
Q2844249,Regular category,1
Q4299465,Regular ideal,1
Q714886,Regular polygon,1
Q1959911,Relative homology,1
Q753375,Residue (complex analysis),1
Q7316293,Restricted Lie algebra,1
Q1308999,Restriction (mathematics),1
Q1168321,Resultant,1
Q851503,Riccati equation,1
Q697181,Riemann integral,1
Q1156903,Riemann sum,1
Q1262627,Rigged Hilbert space,1
Q2091296,Row echelon form,1
Q1778169,Schur complement,1
Q864589,Schwarzian derivative,1
Q7449310,Semi-locally simply connected,1
Q7449354,Semialgebraic set,1
Q1006450,Semisimple group,1
Q7451799,Separating set,1
Q242767,Set theoretic complement,1
Q2052951,Several complex variables,1
Q290618,Sigma-compact,1
Q236813,Sign function,1
Q7512811,Signature (topology),1
Q1193832,Signed,1
Q1824450,Singular measure,1
Q7545384,Smith normal form,1
Q1501536,Sobolev space,1
Q3489713,Solenoid (mathematics),1
Q831672,Spanning tree,1
Q604907,Spinor,1
Q17103180,Split epimorphism,1
Q50706,Square-free integer,1
Q7581979,Square-free polynomial,1
Q1949963,StatistiC,1
Q931187,Stein manifold,1
Q917657,Step function,1
Q866099,Stereographic projection,1
Q282491,Strictly dominated strategy,1
Q629933,Subalgebra,1
Q541563,Subcategory,1
Q7631847,Subquotient,1
Q55648664,Subrepresentation,1
Q3773126,Symmetric derivative,1
Q1147242,Symmetric difference,1
Q17103860,Symmetric monoidal category,1
Q2400539,Teichmüller space,1
Q2421733,Thom space,1
Q7818977,Tomita–Takesaki theory,1
Q1892644,Torsion of a curve,1
Q1148456,Total recursive function,1
Q369377,TotalOrderedSet,1
Q1387602,Transcendence degree,1
Q840810,Transfinite induction,1
Q1501387,Transitive closure,1
Q671944,Transitive set,1
Q2858846,Transpose of a linear map,1
Q11358307,Triple system,1
Q7844662,Trivial representation,1
Q1141920,Tubular neighborhood,1
Q163310,Turing machine,1
Q1140985,Tychonoff separation axioms,1
Q1571831,Ultrafilter,1
Q1897429,Ultrametric space,1
Q36255,Unit vector,1
Q10359539,Unitary representation,1
Q7894108,Universal bundle,1
Q332648,Universal cover,1
Q1673406,Universal enveloping algebra,1
Q1417809,Universal property,1
Q579544,Vandermonde matrix,1
Q7921510,Verma module,1
Q278770,Von Neumann–Bernays–Gödel set theory,1
Q7977932,Weak Hausdorff space,1
Q17104639,Weak homotopy equivalence,1
Q2894153,Well partial order,1
Q338021,Well-founded set,1
Q768074,Weyl group,1
Q576728,Winding number,1
Q124743,Wronskian,1
Q1468740,Zero vector,1
Q25377974,"",1
Q41509136,"",1
Q32998717,"",1
Q77583424,"",1
Q2666112,"",1
Q85174068,"",1
Q18408315,"",1
Q78502771,"",1
Q16671984,"",1
Q4475749,"",1
Q4265744,"",1
Q47007889,"",1
Q110571247,"",1
Q4379157,"",1
Q3828144,"",1
Q54555759,"",1
Q12715503,"",1
Q20850777,"",1
Q20827138,"",1
Q25304059,2-functor,1
Q526901,3-manifold,1
Q318737,Abelian category,1
Q332407,Absolute Galois group,1
Q120812,Absolute value,1
Q686291,Affine group,1
Q3554813,Affine variety,1
Q655742,Affirming the antecedent,1
Q864919,Alexandroff extension,1
Q3882299,Algebra homomorphism,1
Q2553675,Algebraic K-theory,1
Q7595945,Algebraic stack,1
Q438814,Alternating group,1
Q134787,Analytic geometry,1
Q11352,Angle,1
Q567083,Annihilator (ring theory),1
Q45926,Annulus (mathematics),1
Q431937,Antichain,1
Q114326,Antiderivative,1
Q621743,Approximate identity,1
Q634579,Archimedean property,1
Q11205,Arithmetic,1
Q427018,Associated bundle,1
Q2405805,Associator,1
Q1000116,Axiom of countable choice,1
Q3303153,Axiom of dependent choice,1
Q778785,Balanced set,1
Q738422,Barycentric coordinate system,1
Q694114,Bernoulli number,1
Q1750507,Beta function (physics),1
Q1086961,Bilinear map,1
Q1534522,Binary Golay code,1
Q4915506,Biproduct,1
Q866364,Bisimulation,1
Q884772,Block matrix,1
Q2546666,Bordism,1
Q4944913,Borel subgroup,1
Q894008,Bornological space,1
Q2267362,Bounded function,1
Q829653,Bounded variation,1
Q220409,Braid theory,1
Q900456,Brauer group,1
Q1010269,Burali-Forti paradox,1
Q5000158,Burnside ring,1
Q2386260,Bézout domain,1
Q5034459,Cap product,1
Q2912114,Cartan algebra,1
Q62912,Cartesian coordinates,1
Q48999031,Category of representations,1
Q769374,Cauchy principal value,1
Q622741,Cauchy–Riemann equations,1
Q859174,Cayley graph,1
Q1195852,Center (group theory),1
Q2513496,Choice function,1
Q18205969,Choquet game,1
Q1744580,Class field theory,1
Q674689,Clifford algebra,1
Q761631,Clique (graph theory),1
Q5137654,Coadjoint representation,1
Q1341061,Cofactor (mathematics),1
Q621542,Commutative diagram,1
Q1780743,Compact operator,1
Q1738274,Compactly generated space,1
Q4370335,Complete category,1
Q381040,Complex conjugate,1
Q2835957,Composition algebra,1
Q818895,Computable number,1
Q2256541,Cone (linear algebra),1
Q513175,Conformal geometry,1
Q1353233,Conjugacy class,1
Q1890389,Connected sum,1
Q23808682,Conservative functor,1
Q338047,Context free grammars,1
Q230689,Contractible,1
Q515173,Contraction mapping,1
Q578985,Convergence of random variables,1
Q319913,Convex function,1
Q104752,Coprime integers,1
Q692689,Coproduct,1
Q247204,Counting measure,1
Q3754024,Critical value,1
Q178192,Cross product,1
Q266775,Crossing number (graph theory),1
Q16667694,Cubic equation,1
Q746007,Cumulant,1
Q3388699,Cup product,1
Q206310,Curl (mathematics),1
Q3001145,Current (mathematics),1
Q2400580,Cusp form,1
Q5244640,De Morgan algebra,1
Q1179446,De Rham cohomology,1
Q1182160,Dedekind zeta function,1
Q3675173,Dehn surgery,1
Q1047080,Differential form,1
Q2916283,Differential graded algebra,1
Q905896,Diophantine equation,1
Q272621,Dirac equation,1
Q1227387,Dirac measure,1
Q5280340,Direct image functor,1
Q906015,Direct limit,1
Q383851,Directional derivative,1
Q1228851,Discrete category,1
Q2878,Discrete Fourier transform,1
Q192487,Discriminant,1
Q1231309,Division algebras,1
Q1625065,Domain of holomorphy,1
Q833089,Doolittle decomposition,1
Q2297777,Dual basis,1
Q3427408,Dual representation,1
Q1755512,Duality (mathematics),1
Q638328,Dynamical system,1
Q5319218,Dynkin diagram,1
Q5349490,Eilenberg-Mac Lane Space,1
Q609566,Elementary matrix transformations,1
Q8519884,Elliptic surface,1
Q2563809,Essential extension,1
Q140283,Essentially surjective functor,1
Q2896043,Euclidean field,1
Q230848,Euclids algorithm,1
Q184871,Euler's formula,1
Q190026,Euler's totient function,1
Q2100733,Exact form,1
Q381725,Exact functor,1
Q498186,Exclusive or,1
Q2039387,Extended real number line,1
Q3041173,Extension problem,1
Q1385465,Extreme point,1
Q2339261,Falling factorial,1
Q207264,Fermat number,1
Q16897605,Fiber functor,1
Q5446381,Fibered manifold,1
Q493941,Fibration,1
Q5449241,Filtered algebra,1
Q5449247,Filtered category,1
Q2375712,Finitely generated module,1
Q4055684,First-order logic,1
Q1003136,Forcing (mathematics),1
Q2646117,Forgetful functor,1
Q17097900,Formally real field,1
Q1339058,Fractional calculus,1
Q5477875,Frame (linear algebra),1
Q176244,Frattini subgroup,1
Q5499350,Fredholm module,1
Q5500202,Free category,1
Q5499906,Free Lie algebra,1
Q5500266,Free monoid,1
Q5508773,Function field of an algebraic variety,1
Q224821,Fuzzy logic,1
Q1491747,Galois connection,1
Q3427418,Galois module,1
Q213488,Geodesic,1
Q1186649,Geometric algebra,1
Q1306887,Geometric series,1
Q1531713,Global field,1
Q41690,Golden ratio,1
Q15534632,Graded ring,1
Q173582,Gradient,1
Q475239,Gram–Schmidt process,1
Q3385162,Graph homomorphism,1
Q131752,Greatest common divisor,1
Q2602722,Group ring,1
Q1162676,Haar measure,1
Q477921,Hamiltonian mechanics,1
Q3055336,Hartley function,1
Q1186007,Hartogs number,1
Q2372257,Hasse–Weil zeta function,1
Q1501997,Hausdorff distance,1
Q5691503,Heap (mathematics),1
Q1609475,Herbrand universe,1
Q652941,Hermitian matrix,1
Q6500908,Hermitian operator,1
Q620495,Hessian (mathematics),1
Q584521,Homeomorphism (graph theory),1
Q5891840,Homotopy type theory,1
Q204034,Hyperbolic function,1
Q21028472,Hypergeometric function,1
Q840247,Hypergraph,1
Q657586,Hyperplane,1
Q973321,Hypersurface,1
Q5988368,Identity component,1
Q1464168,Index of a subgroup,1
Q3427423,Induced representation,1
Q6033616,Inhabited set,1
Q13416298,Initial topology,1
Q10167591,Initial value problem,1
Q2112483,Injective resolution,1
Q17141489,Intersecting,1
Q185148,Interval on the real line,1
Q176786,Intuitionistic logic,1
Q2706744,Invariant subspace,1
Q191884,Inverse function,1
Q3022118,Inverse semigroup,1
Q6073574,Irreducible component,1
Q621850,Irreflexive relation,1
Q1677769,Jacobson radical,1
Q6269005,Join (mathematics),1
Q1703597,Jordan measure,1
Q15615154,K-theory,1
Q634557,Killing form,1
Q2634506,Kleene algebra,1
Q23638,Klein bottle,1
Q550593,Klein four-group,1
Q868967,Klein–Gordon equation,1
Q1773982,Kleisli category,1
Q2462350,Kripke semantics,1
Q192826,Kronecker delta,1
Q1609490,Kähler differentials,1
Q861606,Lagrange polynomial,1
Q242028,Lambda calculus,1
Q429331,Lambert W function,1
Q269878,Landau symbol,1
Q6497088,Lattice (group theory),1
Q425432,Laurent series,1
Q1049869,Lebesgue's number lemma,1
Q126955,Level set,1
Q6543809,Lie algebra cohomology,1
Q579267,Lie derivative,1
Q1771501,Limit cardinal,1
Q1076611,Limit superior and limit inferior,1
Q841805,Lindenbaum–Tarski algebra,1
Q1509762,Line bundle,1
Q1752667,Linear code,1
Q1129902,Linear differential equation,1
Q484637,Linear equation,1
Q27948,List (abstract data type),1
Q3275652,Local base,1
Q1052761,Local homeomorphism,1
Q1651704,Logical disjunction,1
Q2361277,Lusternik–Schnirelmann category,1
Q3845212,Mapping class group,1
Q178377,Mathematical induction,1
Q2143621,Mathematical topo,1
Q16908484,Maximal subgroup,1
Q2421905,Mayer–Vietoris sequence,1
Q606934,Mellin transform,1
Q25106477,Minimal generating set,1
Q1545397,Minimal surface,1
Q464794,Minkowski space,1
Q755092,Minkowski's inequality,1
Q1538614,Modular lattice,1
Q6897118,Moment map,1
Q1579914,Monad (functional programming),1
Q543956,Monodromy,1
Q4381562,Moore space (algebraic topology),1
Q2981889,Motivic cohomology,1
Q2915234,Motzkin number,1
Q6918890,Moufang loop,1
Q2228257,Multiple roots of a polynomial,1
Q226843,Möbius strip,1
Q5154570,N-skeleton,1
Q1397835,Near-ring,1
Q190558,Negation,1
Q17099363,Nerve (category theory),1
Q1191147,Net (mathematics),1
Q840023,Nilpotent,1
Q590554,Noetherian topological space,1
Q1190223,Non-deterministic Turing machine,1
Q233858,Non-euclidean geometries,1
Q27961566,Nondegenerate form,1
Q2370925,Normal bundle,1
Q1071795,Normal space,1
Q743179,Normal subgroup,1
Q273176,Normal vector,1
Q1999917,Normed algebra,1
Q1991405,Nowhere dense set,1
Q2632649,Open and closed maps,1
Q980557,Operator norm,1
Q7098616,Opposite category,1
Q3117899,Opposite group,1
Q40460,Orbifold,1
Q2836000,*-algebra,0
Q332465,Absolut convergence,0
Q332504,Absolute continuity,0
Q1084766,Abstract nonsense,0
Q4672496,Accessible category,0
Q1017106,Adjoint representation,0
Q382504,Affine hull,0
Q4718108,Alexander's trick,0
Q1139334,Almost everywhere,0
Q438842,Alternating series,0
Q4739384,Amalgamation property,0
Q4751141,Analytic space,0
Q1137726,Arc (graph theory),0
Q4795851,Arrangement of planes,0
Q45922,Arrow,0
Q752718,Asymptotic analysis,0
Q261484,Atom (order theory),0
Q4820423,Augmentation ideal,0
Q16039868,Automaton,0
Q220680,Banach fixed-point theorem,0
Q3459695,Banach–Mazur game,0
Q4078260,Barycentric subdivision,0
Q9332,Behavior,0
Q133871,Bell Curve,0
Q2346201,Bernoulli polynomials,0
Q181328,Bernoulli's equation,0
Q429593,Betti number,0
Q947922,Binormal,0
Q174733,Bipartite graph,0
Q663908,Bivector,0
Q2634401,Boolean ring,0
Q4944906,Borel determinacy,0
Q4951625,Box topology,0
Q178036,Brownian movement,0
Q4978699,Bruhat decomposition,0
Q216861,Calculus of variations,0
Q1047475,Casimir element,0
Q270513,Catalan number,0
Q5051825,Categorification,0
Q5051844,Category of elements,0
Q217847,Cauchy sequence,0
Q1756828,Cayley–Dickson construction,0
Q3139849,Cellular homology,0
Q2428439,Central simple algebra,0
Q230797,Chain (disambiguation),0
Q207455,Chain rule,0
Q166314,Chaos theory,0
Q5072826,Chaotic,0
Q11498021,Character tables,0
Q360446,Characteristics,0
Q249514,Chebyshev's inequality,0
Q847816,Christoffel symbol,0
Q1089708,Church numeral,0
Q1048949,Cofibration,0
Q1283623,Cofinality,0
Q2893695,Cohen–Macaulay ring,0
Q906907,Coherent sheaf,0
Q4227156,Coinduction,0
Q1779341,Collection,0
Q504843,Colouring algorithm,0
Q1481571,Combinator,0
Q336787,Combinatorial enumeration,0
Q1780005,Comma category,0
Q7574800,Commutative semigroup,0
Q2989763,Commutator,0
Q5155306,Compact element,0
Q1669863,Compact-open topology,0
Q906456,Comparison of topologies,0
Q19924622,Complement,0
Q5156447,Complete Boolean algebra,0
Q50704,Completing the square,0
Q16889279,Complex line,0
Q445569,Complexification,0
Q908207,Complexity class,0
Q1437394,Concept lattice,0
Q772232,Conditional expectation,0
Q327069,Conditional probabilities,0
Q1140902,Confluence (abstract rewriting),0
Q154210,Congruence (geometry),0
Q527863,Conjecture of Birch and Swinnerton-Dyer,0
Q5161408,Connected category,0
Q1783105,Contact geometry,0
Q206816,Continued fraction,0
Q5165503,Continuous predicate,0
Q241663,Continuum,0
Q403082,Contraction,0
Q1077442,Contrapositive,0
Q2234833,Convex analysis,0
Q5176824,Countable chain condition,0
Q643300,Countably locally finite,0
Q596077,Counterexample,0
Q899539,Cross ratio,0
Q8789,CryptologY,0
Q18349448,Cumulative hierarchy,0
Q1144925,Currying,0
Q225014,Cycle,0
Q81365,Decimal,0
Q5249756,Dedekind completion,0
Q851333,Dedekind cut,0
Q1052034,Definiteness of a matrix,0
Q101072,DefinitioN,0
Q673444,Dense subspace,0
Q48996306,Density theorem (category theory),0
Q4830558,Determinacy axiom,0
Q1224446,Difference quotient,0
Q5130428,Differential (mathematics),0
Q1063579,Dirichlet character,0
Q378637,Discrete dynamical system,0
Q5282259,Disjoint union (topology),0
Q180634,Distributed programming,0
Q5284415,Divisibility (ring theory),0
Q5299992,Double coset,0
Q5299605,Double-negation translation,0
Q1243340,Doubly stochastic matrix,0
Q1296024,Effectiveness,0
Q273711,Einstein field equation,0
Q673253,Einstein notation,0
Q877149,Elementary embedding,0
Q5498822,Ergodic theory,0
Q282023,Euler - Maclaurin formula,0
Q1194667,Euler product,0
Q295785,Extension,0
Q3062935,F-coalgebra,0
Q5428731,Factor system,0
Q3788278,Fermat quotient,0
Q1317359,Feynman–Kac formula,0
Q1640811,Fiber (mathematics),0
Q774579,Field of fractions,0
Q28835,FieldsMedal,0
Q1187724,Filtration (mathematics),0
Q5450381,Finitary,0
Q2915225,Finite intersection property,0
Q2370289,Finite morphism,0
Q217608,Fixed point (mathematics),0
Q297187,Flag (mathematics),0
Q215193,Floor and ceiling functions,0
Q81881,Fork,0
Q573631,Fredholm operator,0
Q1637144,Function field analogy,0
Q1474584,Functional calculus,0
Q244615,Game of Life,0
Q2658,Gaussian elimination,0
Q5532504,Generalized quantifier,0
Q860609,Generating function,0
Q449470,Generic point,0
Q1503309,Geometrization conjecture,0
Q5535486,Geometry (group theory),0
Q2520842,Germ (mathematics),0
Q166507,Glossary of graph theory terms,0
Q16783922,Glossary of scheme theory,0
Q2358888,Glossary of topology,0
Q485520,Goldbach's conjecture,0
Q363874,Graph,0
Q1128678,Grothendieck group,0
Q1408937,Group cohomology,0
Q1946642,H-cobordism,0
Q1317202,Harmonic form,0
Q599027,Harmonic function,0
Q190070,Harmonic oscillator,0
Q464100,Harmonic series (mathematics),0
Q901446,Hasse diagram,0
Q2115578,Hasse principle,0
Q6510488,Heat equation,0
Q658574,Hermite polynomials,0
Q17029637,Higher-dimensional algebra,0
Q740060,Hilbert symbol,0
Q910361,Hilbert systems,0
Q3062521,HNN extension,0
Q9382514,Homotopy extension property,0
Q3983973,Homotopy lifting property,0
Q1627604,Hopf fibration,0
Q3082377,Hyperkähler manifold,0
Q5958653,Hyperstructure,0
Q5961184,Hypostatic abstraction,0
Q41719,Hypotheses,0
Q224884,Ideal,0
Q2243424,Idempotent (ring theory),0
Q860530,Image (category theory),0
Q6002514,Imaginary element,0
Q15297666,Immanant,0
Q3149511,Impredicativity,0
Q1331373,Inaccessible cardinal,0
Q4582901,Incidence geometry,0
Q849335,Inclusion exclusion principle,0
Q625303,Independence (probability theory),0
Q17130880,Induced topology,0
Q6034324,Injective hull,0
Q273328,Integration by parts,0
Q2358071,Inverse Galois problem,0
Q16799755,Isometry (disambiguation),0
Q17098238,Isotypic component,0
Q750099,Iwasawa decomposition,0
Q2605695,Jacobian conjecture,0
Q1269,Jam,0
Q6188933,Jet bundle,0
Q6322838,K-homology,0
Q856666,Kac–Moody algebra,0
Q3055409,Karoubi envelope,0
Q202400,Kernel,0
Q1456811,Kolmogorov complexity,0
Q601796,Korteweg–de Vries equation,0
Q255166,Kullback–Leibler divergence,0
Q598870,Lagrange multiplier,0
Q679367,Latin square,0
Q2754968,LatticE,0
Q3538331,Lattice of subgroups,0
Q906302,Laws of Form,0
Q6505076,Lawvere theory,0
Q853831,Lebesgue-integrable,0
Q2510203,Leech lattice,0
Q215405,Legendre polynomials,0
Q1144915,Lexicographic order,0
Q858223,Limit point,0
Q6549451,Limit point compact,0
Q652707,Lipschitz continuity,0
Q5165409,List of continuity-related mathematical topics,0
Q394747,List of things named after Gottfried Leibniz,0
Q251307,Localization,0
Q902017,Logarithm of a matrix,0
Q1350206,Logarithmic integral function,0
Q1334417,Lorentz group,0
Q1543600,Lower limit topology,0
Q1361393,Lusin's theorem,0
Q3064355,M-matrix,0
Q176645,Markov chain,0
Q842436,Markov's inequality,0
Q17988630,Mathematical theory (disambiguation),0
Q19623879,Mathematical variety,0
Q934200,Mathieu group,0
Q29167,Matrix calculus,0
Q1191722,Matrix exponential,0
Q6787889,Matrix representation,0
Q898572,Matroid,0
Q51501,Maxwell's equations,0
Q2796622,MeaN,0
Q193983,Meta language,0
Q6822437,Metacompact space,0
Q630649,Metre (music),0
Q430450,Microlocal analysis,0
Q638982,Moment (mathematics),0
Q229941,Monad,0
Q232207,Monte Carlo method,0
Q6912366,Morita equivalence,0
Q3139850,Morse homology,0
Q2296951,Morse theory,0
Q279433,Multi-function printer,0
Q36248,Multiple cross products,0
Q145825,Nadir,0
Q1572108,Natural deduction,0
Q1749812,Newton's identities,0
Q4321370,Nilpotent ideal,0
Q7524253,Non-singular,0
Q2746792,Noncommutative geometry,0
Q7049229,Noncommutative topology,0
Q840226,Normal modal logic,0
Q7051829,Normal scheme,0
Q2602075,Nuclear C*-algebra,0
Q3879236,Nucleus (order theory),0
Q7072039,O-minimal,0
Q2026614,Operator topologies,0
Q230664,Orbit (disambiguation),0
Q1321469,Order topology,0
Q1142215,Ordinal arithmetic,0
Q986499,Ore condition,0
Q7100975,Ore extension,0
Q2748415,Orientability,0
Q2365325,Orthonormal basis,0
Q170475,Oscillation,0
Q17118682,P-space,0
Q230967,Parity (mathematics),0
Q6632024,Partition (mathematics),0
Q1082910,Partition (number theory),0
Q7140635,Partition functional,0
Q1415372,Path (graph theory),0
Q1725409,Peano curve,0
Q15736718,Pencil (mathematics),0
Q18085712,Permutation model,0
Q60792472,Permutation representation,0
Q180536,Philosophy of mathematics,0
Q1130535,PlanetMath,0
Q62494,Polar coordinates,0
Q1817177,Polarization identity,0
Q249104,PoleS,0
Q2103196,Polydisc,0
Q1632419,Pontryagin duality,0
Q1154848,Potential theory,0
Q1393014,Pre-measure,0
Q2099981,Preadditive category,0
Q956059,Presburger arithmetic,0
Q915906,Presentation of a group,0
Q1014491,Prime knot,0
Q207522,Probability density function,0
Q7249450,Projection formula,0
Q7249465,Projective cover,0
Q401319,Puiseux expansion,0
Q1969983,Pushforward (differential),0
Q208225,Pythagorean triple,0
Q7268354,Quadratic algebra,0
Q576422,Quadrature (mathematics),0
Q234881,Quantum electrodynamics,0
Q1206311,Quantum logic,0
Q493980,Quiver (mathematics),0
Q2125865,Radical,0
Q1428097,Radius of convergence,0
Q1191319,Radon–Nikodym theorem,0
Q1260803,Rank of an abelian group,0
Q4391254,Rational homotopy theory,0
Q7301156,Real form,0
Q6423024,Reduced ring,0
Q55631370,Refinement (category theory),0
Q6101219,Reflective subcategory,0
Q752532,Regular language,0
Q735071,Regular polyhedron,0
Q1555242,Regular representation,0
Q3925845,Regular singular point,0
Q55643339,Relative cycle,0
Q5156434,Relatively complemented lattice,0
Q7314220,Representation ring,0
Q2145720,Residuals,0
Q16858946,Restriction of scalars,0
Q2141963,Retract,0
Q1195879,Ricci-curvature,0
Q2152570,Riesz space,0
Q5695923,Ring of fractions,0
Q2064647,Ring of sets,0
Q351030,Roots,0
Q557624,Rule of product,0
Q2360148,Rule of sum,0
Q2997763,Rupture field,0
Q895815,Scott-continuous,0
Q1548746,Second-order logic,0
Q855622,Sectional curvature,0
Q7448760,Selmer group,0
Q2269145,Semilinear map,0
Q843632,Sequent,0
Q1771121,Sequent calculus,0
Q11095962,Serre duality,0
Q7512593,Sign relation,0
Q298582,Signature (mathematics),0
Q7520902,Simplicial homology,0
Q60227,Sin,0
Q2291918,Skeleton (category theory),0
Q275447,Slope,0
Q7553048,Socle (mathematics),0
Q1770567,Soliton (topology),0
Q7432,Species (biology),0
Q7575215,Spectral theory of ordinary differential equations,0
Q1756677,Stability theory,0
Q7601281,Star product,0
Q4420916,Steiner system,0
Q285771,Stieltjes Integral,0
Q2601117,Stirling numbers of the second kind,0
Q176737,Stochastic process,0
Q6671777,Structure,0
Q7625098,Structure constants,0
Q7631142,Subfunctor,0
Q360830,Subgroup series,0
Q2547089,Subobject,0
Q7631737,Subobject classifier,0
Q207326,Summit,0
Q3977654,Superalgebra,0
Q3611545,Supercommutative algebra,0
Q193442,Supersymmetry,0
Q55643402,Symmetric power,0
Q16966154,Symmetric set,0
Q2431134,Symmetry in mathematics,0
Q131251,Tangent,0
Q7683003,Tangle diagram,0
Q529752,Terminal object,0
Q660730,Topological subspace,0
Q355152,Torsion,0
Q1936288,Total variation,0
Q3893192,Totally positive matrix,0
Q506265,Triangular matrix,0
Q273008,TrigonometricFunctions/Trigonometric Identities,0
Q1080547,Truncation,0
Q44746,Uncertainty principle,0
Q741865,Uniform continuity,0
Q7885110,Uniform module,0
Q118084,Unit (ring theory),0
Q1188344,Unknot,0
Q365832,Valuation,0
Q7914952,Vanish at infinity,0
Q3229352,Vitali covering lemma,0
Q1970172,Von Neumann algebra,0
Q193846,Wave equation,0
Q9993851,Weak formulation,0
Q7980190,Weil restriction,0
Q1069378,Weyl algebra,0
Q1056809,Wiener process,0
Q81294,Wolfram Mathematica,0
Q10944557,Word (mathematics),0
Q828111,Zero divisor,0
Q8078428,Étale morphism,0
Q35059,"",0
Q109314515,"",0
Q72535212,"",0
Q2976036,"",0
Q19619110,"",0