title,link,suggestion
simplicial sets,https://mathgloss.github.io/MathGloss/simplicial_sets,Simplicial set
full subcategory,https://mathgloss.github.io/MathGloss/full_subcategory,full subcategory
satisfied by,https://mathgloss.github.io/MathGloss/satisfied_by,satisfied structure
split epimorphism,https://mathgloss.github.io/MathGloss/split_epimorphism,split epimorphism
cocomplete,https://mathgloss.github.io/MathGloss/cocomplete,cocomplete category
torsor,https://mathgloss.github.io/MathGloss/torsor,G-torsor
effective,https://mathgloss.github.io/MathGloss/effective,effective equivalence relation
space of configurations of n points,https://mathgloss.github.io/MathGloss/space_of_configurations_of_n_points,space of configurations of n points
list monad,https://mathgloss.github.io/MathGloss/list_monad,list monad
kernels,https://mathgloss.github.io/MathGloss/kernels,kernel
forks,https://mathgloss.github.io/MathGloss/forks,coproduct
multiplication,https://mathgloss.github.io/MathGloss/multiplication,multiplication natural transformation
cokernels,https://mathgloss.github.io/MathGloss/cokernels,cokernel
fiber space,https://mathgloss.github.io/MathGloss/fiber_space,fiber space
small,https://mathgloss.github.io/MathGloss/small,small category
initial object,https://mathgloss.github.io/MathGloss/initial_object,initial object
lattice,https://mathgloss.github.io/MathGloss/lattice,lattice
strictly creates,https://mathgloss.github.io/MathGloss/strictly_creates,strictly created limit
right inverse,https://mathgloss.github.io/MathGloss/right_inverse,right inverse
Sierpinski space,https://mathgloss.github.io/MathGloss/Sierpinski_space,Sierpinski space
limit cone,https://mathgloss.github.io/MathGloss/limit_cone,limit cone
kernel operator,https://mathgloss.github.io/MathGloss/kernel_operator,kernel operator
continuation monads,https://mathgloss.github.io/MathGloss/continuation_monads,continuation monad
unital ring,https://mathgloss.github.io/MathGloss/unital_ring,unital ring
sheaves,https://mathgloss.github.io/MathGloss/sheaves,sheaf
unit,https://mathgloss.github.io/MathGloss/unit,unit natural transformation
orbit-stabilizer theorem,https://mathgloss.github.io/MathGloss/orbit-stabilizer_theorem,orbit-stabilizer theorem
free group monad,https://mathgloss.github.io/MathGloss/free_group_monad,free group monad
summit,https://mathgloss.github.io/MathGloss/summit,cone over a diagram
Grothendieck topos,https://mathgloss.github.io/MathGloss/Grothendieck_topos,Grothendieck topos
contravariant Yoneda embeddings,https://mathgloss.github.io/MathGloss/contravariant_Yoneda_embeddings,covariant Yoneda embedding
translation groupoid,https://mathgloss.github.io/MathGloss/translation_groupoid,translation groupoid
commutative,https://mathgloss.github.io/MathGloss/commutative,commutative diagram
forgetful functor,https://mathgloss.github.io/MathGloss/forgetful_functor,forgetful functor
shape,https://mathgloss.github.io/MathGloss/shape,cone over a diagram
G-representation,https://mathgloss.github.io/MathGloss/G-representation,**G-representation**
strong limit,https://mathgloss.github.io/MathGloss/strong_limit,strong limit cardinal
product,https://mathgloss.github.io/MathGloss/product,product
solution set condition,https://mathgloss.github.io/MathGloss/solution_set_condition,solution set condition
direct limit,https://mathgloss.github.io/MathGloss/direct_limit,direct limit
complete,https://mathgloss.github.io/MathGloss/complete,complete category
adjunction,https://mathgloss.github.io/MathGloss/adjunction,adjunction
coproduct,https://mathgloss.github.io/MathGloss/coproduct,coproduct
right closures,https://mathgloss.github.io/MathGloss/right_closures,right closure
composite morphism,https://mathgloss.github.io/MathGloss/composite_morphism,composite morphism
monomorphism,https://mathgloss.github.io/MathGloss/monomorphism,monomorphism
meets,https://mathgloss.github.io/MathGloss/meets,lattice
2-category,https://mathgloss.github.io/MathGloss/2-category,2-category
mutually right adjoint,https://mathgloss.github.io/MathGloss/mutually_right_adjoint,mutually right adjoint functors
poset,https://mathgloss.github.io/MathGloss/poset,poset
Eilenberg-Moore category,https://mathgloss.github.io/MathGloss/Eilenberg-Moore_category,Eilenberg-Moore category
morphisms,https://mathgloss.github.io/MathGloss/morphisms,morphism
group,https://mathgloss.github.io/MathGloss/group,groupoid
constant functor,https://mathgloss.github.io/MathGloss/constant_functor,constant functor
pointwise,https://mathgloss.github.io/MathGloss/pointwise,pointwise Kan extension
cone,https://mathgloss.github.io/MathGloss/cone,cone under a small category
left deformation,https://mathgloss.github.io/MathGloss/left_deformation,left deformation
subfunctor,https://mathgloss.github.io/MathGloss/subfunctor,subfunctor
commutes,https://mathgloss.github.io/MathGloss/commutes,natural transformation
loop,https://mathgloss.github.io/MathGloss/loop,cofree space
split monomorphism,https://mathgloss.github.io/MathGloss/split_monomorphism,split monomorphism
commutative square,https://mathgloss.github.io/MathGloss/commutative_square,commutative square
zero map,https://mathgloss.github.io/MathGloss/zero_map,kernel pair
right deformation,https://mathgloss.github.io/MathGloss/right_deformation,left deformation
presentation,https://mathgloss.github.io/MathGloss/presentation,presentation of an abelian group
initial,https://mathgloss.github.io/MathGloss/initial,initial object
dependent sum,https://mathgloss.github.io/MathGloss/dependent_sum,dependent sum
compactly generated Hausdorff spaces,https://mathgloss.github.io/MathGloss/compactly_generated_Hausdorff_spaces,compactly generated Hausdorff space
absolute Kan extensions,https://mathgloss.github.io/MathGloss/absolute_Kan_extensions,absolute Kan extension
Riesz representation theorem,https://mathgloss.github.io/MathGloss/Riesz_representation_theorem,Riesz representation theorem
universal discrete dynamical system,https://mathgloss.github.io/MathGloss/universal_discrete_dynamical_system,universal discrete dynamical system
full,https://mathgloss.github.io/MathGloss/full,full functor
reflects,https://mathgloss.github.io/MathGloss/reflects,limit-reflecting functor
weak equivalences,https://mathgloss.github.io/MathGloss/weak_equivalences,weak equivalence
based objects,https://mathgloss.github.io/MathGloss/based_objects,based object
represented by,https://mathgloss.github.io/MathGloss/represented_by,representable functor
separating set,https://mathgloss.github.io/MathGloss/separating_set,separating set
inverse limit,https://mathgloss.github.io/MathGloss/inverse_limit,inverse limit
weakly initial,https://mathgloss.github.io/MathGloss/weakly_initial,weakly initial object
generators,https://mathgloss.github.io/MathGloss/generators,generators
cycles,https://mathgloss.github.io/MathGloss/cycles,n-cycles
model,https://mathgloss.github.io/MathGloss/model,model of Lawvere theory
truncation,https://mathgloss.github.io/MathGloss/truncation,n-truncation
free,https://mathgloss.github.io/MathGloss/free,free left G-set
localization,https://mathgloss.github.io/MathGloss/localization,reflective subcategory
isomorphism of categories,https://mathgloss.github.io/MathGloss/isomorphism_of_categories,isomorphism of categories
coinduction,https://mathgloss.github.io/MathGloss/coinduction,coinduction
functor category,https://mathgloss.github.io/MathGloss/functor_category,functor category
natural transformation,https://mathgloss.github.io/MathGloss/natural_transformation,natural transformation
split,https://mathgloss.github.io/MathGloss/split,split idempotent
axioms,https://mathgloss.github.io/MathGloss/axioms,axiom
abstract nonsense,https://mathgloss.github.io/MathGloss/abstract_nonsense,abstract nonsense
horizontal composition,https://mathgloss.github.io/MathGloss/horizontal_composition,horizontal composition
discrete left fibration,https://mathgloss.github.io/MathGloss/discrete_left_fibration,discrete left fibration
category of elements,https://mathgloss.github.io/MathGloss/category_of_elements,category of elements
exact,https://mathgloss.github.io/MathGloss/exact,exact functor
free group on a single generator,https://mathgloss.github.io/MathGloss/free_group_on_a_single_generator,free group on a single generator
lim inf,https://mathgloss.github.io/MathGloss/lim_inf,lim inf of a sequence
absolute colimit,https://mathgloss.github.io/MathGloss/absolute_colimit,absolute colimit
sheafification,https://mathgloss.github.io/MathGloss/sheafification,sheafification
free $T$-algebra,https://mathgloss.github.io/MathGloss/free_$T$-algebra,free T-algebra
fiber product,https://mathgloss.github.io/MathGloss/fiber_product,pullback
Jacobian matrix,https://mathgloss.github.io/MathGloss/Jacobian_matrix,Jacobian matrix
torsion-free,https://mathgloss.github.io/MathGloss/torsion-free,torsion-free part
identity morphism,https://mathgloss.github.io/MathGloss/identity_morphism,identity morphism
isomorphism,https://mathgloss.github.io/MathGloss/isomorphism,isomorphism
whiskering,https://mathgloss.github.io/MathGloss/whiskering,whiskered composite
inaccessible cardinals,https://mathgloss.github.io/MathGloss/inaccessible_cardinals,inaccessible cardinal
morphism of adjunctions,https://mathgloss.github.io/MathGloss/morphism_of_adjunctions,morphism of adjunctions
nerve,https://mathgloss.github.io/MathGloss/nerve,nerve of a category
equivalence of categories,https://mathgloss.github.io/MathGloss/equivalence_of_categories,equivalence of categories
total singular complex functor,https://mathgloss.github.io/MathGloss/total_singular_complex_functor,total singular complex functor
two-variable adjunction,https://mathgloss.github.io/MathGloss/two-variable_adjunction,two-variable adjunction
meet semilattice,https://mathgloss.github.io/MathGloss/meet_semilattice,meet semilattice
functoriality axioms,https://mathgloss.github.io/MathGloss/functoriality_axioms,functoriality axioms
free loop space,https://mathgloss.github.io/MathGloss/free_loop_space,free loop space
preserves,https://mathgloss.github.io/MathGloss/preserves,functor that preserves a left Kan extension
automorphism group,https://mathgloss.github.io/MathGloss/automorphism_group,automorphism group
propositional function,https://mathgloss.github.io/MathGloss/propositional_function,propositional function
parallel pair,https://mathgloss.github.io/MathGloss/parallel_pair,equalizer
coequalizer,https://mathgloss.github.io/MathGloss/coequalizer,coequalizer
category of $T$-algebras,https://mathgloss.github.io/MathGloss/category_of_$T$-algebras,$T$-algebra
indexing category,https://mathgloss.github.io/MathGloss/indexing_category,indexing category
abelian category,https://mathgloss.github.io/MathGloss/abelian_category,abelian category
commutative rectangle,https://mathgloss.github.io/MathGloss/commutative_rectangle,commutative rectangle
measurable,https://mathgloss.github.io/MathGloss/measurable,measurable space
adjunct,https://mathgloss.github.io/MathGloss/adjunct,adjunct morphism
free category,https://mathgloss.github.io/MathGloss/free_category,free category
homeomorphisms,https://mathgloss.github.io/MathGloss/homeomorphisms,homeomorphism
torsion subgroup,https://mathgloss.github.io/MathGloss/torsion_subgroup,torsion subgroup
coseparating set,https://mathgloss.github.io/MathGloss/coseparating_set,coseparating set
covariant,https://mathgloss.github.io/MathGloss/covariant,covariant functor
creates coequalizers of $U$-split pairs,https://mathgloss.github.io/MathGloss/creates_coequalizers_of_$U$-split_pairs,$U$-split coequalizer
coYoneda lemma,https://mathgloss.github.io/MathGloss/coYoneda_lemma,coYoneda lemma
image,https://mathgloss.github.io/MathGloss/image,image of a morphism
path components functor,https://mathgloss.github.io/MathGloss/path_components_functor,path components functor
terminal category,https://mathgloss.github.io/MathGloss/terminal_category,terminal object
universal vector space equipped with a bilinear map,https://mathgloss.github.io/MathGloss/universal_vector_space_equipped_with_a_bilinear_map,universal vector space
chain complex,https://mathgloss.github.io/MathGloss/chain_complex,chain complex of R-modules
over,https://mathgloss.github.io/MathGloss/over,slice category
density theorem,https://mathgloss.github.io/MathGloss/density_theorem,density theorem
creates isomorphisms,https://mathgloss.github.io/MathGloss/creates_isomorphisms,isomorphism-creating functor
additive,https://mathgloss.github.io/MathGloss/additive,additive functor
representably isomorphic,https://mathgloss.github.io/MathGloss/representably_isomorphic,representably isomorphic objects
walking arrow,https://mathgloss.github.io/MathGloss/walking_arrow,walking arrow
preorder,https://mathgloss.github.io/MathGloss/preorder,preorder
representation,https://mathgloss.github.io/MathGloss/representation,representable functor
monadic adjunction,https://mathgloss.github.io/MathGloss/monadic_adjunction,monadic adjunction
Cayleys theorem,https://mathgloss.github.io/MathGloss/Cayleys_theorem,Cayley's theorem
contravariant functor,https://mathgloss.github.io/MathGloss/contravariant_functor,contravariant functor
jointly weakly initial,https://mathgloss.github.io/MathGloss/jointly_weakly_initial,jointly weakly initial collection
path,https://mathgloss.github.io/MathGloss/path,path
slice category,https://mathgloss.github.io/MathGloss/slice_category,slice category
left exact,https://mathgloss.github.io/MathGloss/left_exact,left exact functor
function spaces,https://mathgloss.github.io/MathGloss/function_spaces,function space
walking isomorphism,https://mathgloss.github.io/MathGloss/walking_isomorphism,walking isomorphism
sheaf,https://mathgloss.github.io/MathGloss/sheaf,sheaf
re-parameterizations,https://mathgloss.github.io/MathGloss/re-parameterizations,re-parameterization
path components,https://mathgloss.github.io/MathGloss/path_components,path components
affine space,https://mathgloss.github.io/MathGloss/affine_space,affine space
essentially small,https://mathgloss.github.io/MathGloss/essentially_small,essentially small category
space of ordered configurations of n points,https://mathgloss.github.io/MathGloss/space_of_ordered_configurations_of_n_points,space of configurations of n points
finest,https://mathgloss.github.io/MathGloss/finest,finest topology
fiber,https://mathgloss.github.io/MathGloss/fiber,fiber
coproduct injections,https://mathgloss.github.io/MathGloss/coproduct_injections,coproduct injection
join semilattice,https://mathgloss.github.io/MathGloss/join_semilattice,join semilattice
simplex category,https://mathgloss.github.io/MathGloss/simplex_category,group object
currying,https://mathgloss.github.io/MathGloss/currying,currying
right exact,https://mathgloss.github.io/MathGloss/right_exact,right exact functor
homomorphisms,https://mathgloss.github.io/MathGloss/homomorphisms,$T$-algebra homomorphism
discrete right fibration,https://mathgloss.github.io/MathGloss/discrete_right_fibration,discrete right fibration
stabilizer,https://mathgloss.github.io/MathGloss/stabilizer,stabilizer group
locally presentable categories,https://mathgloss.github.io/MathGloss/locally_presentable_categories,locally presentable category
accessible,https://mathgloss.github.io/MathGloss/accessible,accessible functor
essential image,https://mathgloss.github.io/MathGloss/essential_image,essential image of an inclusion
codensity monad,https://mathgloss.github.io/MathGloss/codensity_monad,codensity monad
category,https://mathgloss.github.io/MathGloss/category,category
disjoint,https://mathgloss.github.io/MathGloss/disjoint,disjoint coproduct
closure,https://mathgloss.github.io/MathGloss/closure,closure operator
small category,https://mathgloss.github.io/MathGloss/small_category,small category
free vector space monad,https://mathgloss.github.io/MathGloss/free_vector_space_monad,free $R$-module monad
monoid,https://mathgloss.github.io/MathGloss/monoid,monoid
nadir,https://mathgloss.github.io/MathGloss/nadir,cone under
universal,https://mathgloss.github.io/MathGloss/universal,universal colimit cone
concrete category,https://mathgloss.github.io/MathGloss/concrete_category,concrete category
components,https://mathgloss.github.io/MathGloss/components,natural transformation
closed,https://mathgloss.github.io/MathGloss/closed,closed subset
universal element,https://mathgloss.github.io/MathGloss/universal_element,universal element
Zariski topology,https://mathgloss.github.io/MathGloss/Zariski_topology,Zariski topology
free arrow,https://mathgloss.github.io/MathGloss/free_arrow,free arrow
abelianization,https://mathgloss.github.io/MathGloss/abelianization,abelianization
k-ification,https://mathgloss.github.io/MathGloss/k-ification,k-ification
convenient category of topological spaces,https://mathgloss.github.io/MathGloss/convenient_category_of_topological_spaces,convenient category of topological spaces
free T-algebra morphism,https://mathgloss.github.io/MathGloss/free_T-algebra_morphism,free T-algebra morphism
monadic,https://mathgloss.github.io/MathGloss/monadic,monadic adjunction
extension of scalars,https://mathgloss.github.io/MathGloss/extension_of_scalars,extension of scalars
locally small,https://mathgloss.github.io/MathGloss/locally_small,locally small category
bipointed space,https://mathgloss.github.io/MathGloss/bipointed_space,bipointed space
left inverse,https://mathgloss.github.io/MathGloss/left_inverse,left inverse
category of models for an algebraic theory,https://mathgloss.github.io/MathGloss/category_of_models_for_an_algebraic_theory,category of models for an algebraic theory
structures,https://mathgloss.github.io/MathGloss/structures,sigma-structure
representable isomorphism,https://mathgloss.github.io/MathGloss/representable_isomorphism,representable isomorphism
lower adjoint,https://mathgloss.github.io/MathGloss/lower_adjoint,lower adjoint function
Stone--vC,https://mathgloss.github.io/MathGloss/Stone--vC,Stone--Čech compactification
transitive,https://mathgloss.github.io/MathGloss/transitive,transitive left G-set
evaluation map,https://mathgloss.github.io/MathGloss/evaluation_map,evaluation map
T-algebras,https://mathgloss.github.io/MathGloss/T-algebras,T-algebra
triangle identities,https://mathgloss.github.io/MathGloss/triangle_identities,triangle identities
point-set left derived functor,https://mathgloss.github.io/MathGloss/point-set_left_derived_functor,point-set left derived functor
continuous,https://mathgloss.github.io/MathGloss/continuous,continuous function
closure operator,https://mathgloss.github.io/MathGloss/closure_operator,closure operator
legs,https://mathgloss.github.io/MathGloss/legs,cone
unit object,https://mathgloss.github.io/MathGloss/unit_object,unit object
fundamental theorem of Galois theory,https://mathgloss.github.io/MathGloss/fundamental_theorem_of_Galois_theory,fundamental theorem of Galois theory
essentially discrete,https://mathgloss.github.io/MathGloss/essentially_discrete,essentially discrete category
transposes,https://mathgloss.github.io/MathGloss/transposes,adjunct morphisms
total right derived functor,https://mathgloss.github.io/MathGloss/total_right_derived_functor,total right derived functor
counit,https://mathgloss.github.io/MathGloss/counit,counit of the adjunction
lim sup,https://mathgloss.github.io/MathGloss/lim_sup,lim sup of a sequence
retraction,https://mathgloss.github.io/MathGloss/retraction,retraction
loops vdash suspension adjunction,https://mathgloss.github.io/MathGloss/loops_vdash_suspension_adjunction,loops vdash suspension adjunction
G-space,https://mathgloss.github.io/MathGloss/G-space,G-space
continuity,https://mathgloss.github.io/MathGloss/continuity,continuity
terminal coalgebra,https://mathgloss.github.io/MathGloss/terminal_coalgebra,terminal coalgebra
group ring,https://mathgloss.github.io/MathGloss/group_ring,group ring
automorphism,https://mathgloss.github.io/MathGloss/automorphism,automorphism
signature,https://mathgloss.github.io/MathGloss/signature,signature
monoidal product,https://mathgloss.github.io/MathGloss/monoidal_product,symmetric monoidal category
universal coefficient theorem,https://mathgloss.github.io/MathGloss/universal_coefficient_theorem,Universal coefficient theorem
double dual,https://mathgloss.github.io/MathGloss/double_dual,double dual vector space
Coarsest,https://mathgloss.github.io/MathGloss/coarsest,coarsest topology
free isomorphism,https://mathgloss.github.io/MathGloss/free_isomorphism,free isomorphism
equivalence relations,https://mathgloss.github.io/MathGloss/equivalence_relations,equivalence relation
free R-module on a single generator,https://mathgloss.github.io/MathGloss/free_R-module_on_a_single_generator,free R-module on a single generator
intersection,https://mathgloss.github.io/MathGloss/intersection,intersection of subobjects
bifunctor,https://mathgloss.github.io/MathGloss/bifunctor,bifunctor
atomic,https://mathgloss.github.io/MathGloss/atomic,atomic arrow
homotopical,https://mathgloss.github.io/MathGloss/homotopical,homotopical category
groupoid,https://mathgloss.github.io/MathGloss/groupoid,groupoid
natural isomorphism,https://mathgloss.github.io/MathGloss/natural_isomorphism,natural transformation
right Kan extension,https://mathgloss.github.io/MathGloss/right_Kan_extension,right Kan extension
objects,https://mathgloss.github.io/MathGloss/objects,category
constant natural transformation,https://mathgloss.github.io/MathGloss/constant_natural_transformation,constant natural transformation
homotopical category,https://mathgloss.github.io/MathGloss/homotopical_category,homotopical category
fully faithful,https://mathgloss.github.io/MathGloss/fully_faithful,fully faithful functor
measurable space,https://mathgloss.github.io/MathGloss/measurable_space,monad
Hilberts Nullstellensatz,https://mathgloss.github.io/MathGloss/Hilberts_Nullstellensatz,Hilbert's Nullstellensatz
image factorization,https://mathgloss.github.io/MathGloss/image_factorization,image factorization
hom-set,https://mathgloss.github.io/MathGloss/hom-set,hom-set
creates,https://mathgloss.github.io/MathGloss/creates,limit-preserving functor
group extension,https://mathgloss.github.io/MathGloss/group_extension,group extension
copowers,https://mathgloss.github.io/MathGloss/copowers,copower
diagram,https://mathgloss.github.io/MathGloss/diagram,diagram
homology,https://mathgloss.github.io/MathGloss/homology,homology functor
left action,https://mathgloss.github.io/MathGloss/left_action,left action
kernel,https://mathgloss.github.io/MathGloss/kernel,kernel of a map
species,https://mathgloss.github.io/MathGloss/species,labeled F-structure
equalizer,https://mathgloss.github.io/MathGloss/equalizer,equalizer morphism
p-adic integers,https://mathgloss.github.io/MathGloss/p-adic_integers,$p$-adic integers
pointwise left Kan extension,https://mathgloss.github.io/MathGloss/pointwise_left_Kan_extension,pointwise left Kan extension
generalized element,https://mathgloss.github.io/MathGloss/generalized_element,generalized element
ultrafilter,https://mathgloss.github.io/MathGloss/ultrafilter,ultrafilter
colimit,https://mathgloss.github.io/MathGloss/colimit,colimit
cartesian closed category,https://mathgloss.github.io/MathGloss/cartesian_closed_category,cartesian closed category
filtered,https://mathgloss.github.io/MathGloss/filtered,filtered category
orbit category,https://mathgloss.github.io/MathGloss/orbit_category,orbit category
left,https://mathgloss.github.io/MathGloss/left,left derived functor
tensor product bifunctor,https://mathgloss.github.io/MathGloss/tensor_product_bifunctor,tensor product bifunctor
tensor product,https://mathgloss.github.io/MathGloss/tensor_product,tensor product
unit interval,https://mathgloss.github.io/MathGloss/unit_interval,unit interval
coalgebras,https://mathgloss.github.io/MathGloss/coalgebras,coalgebra
point-set right derived functor,https://mathgloss.github.io/MathGloss/point-set_right_derived_functor,point-set right derived functor
arrows,https://mathgloss.github.io/MathGloss/arrows,arrows
comonad,https://mathgloss.github.io/MathGloss/comonad,comonad
connected,https://mathgloss.github.io/MathGloss/connected,connected category
embedding,https://mathgloss.github.io/MathGloss/embedding,embedding
terminal,https://mathgloss.github.io/MathGloss/terminal,terminal object
2-functor,https://mathgloss.github.io/MathGloss/2-functor,2-functor
monoidal category,https://mathgloss.github.io/MathGloss/monoidal_category,monoidal category
domain of definition,https://mathgloss.github.io/MathGloss/domain_of_definition,domain of definition of a partial function
augmented simplicial sets,https://mathgloss.github.io/MathGloss/augmented_simplicial_sets,augmented simplicial set
homotopy category of spaces,https://mathgloss.github.io/MathGloss/homotopy_category_of_spaces,homotopy category of spaces
cardinality,https://mathgloss.github.io/MathGloss/cardinality,cardinality of a small category
upper adjoint,https://mathgloss.github.io/MathGloss/upper_adjoint,upper adjoint
functors represented by,https://mathgloss.github.io/MathGloss/functors_represented_by,functor represented by an object
locally kappa-presentable,https://mathgloss.github.io/MathGloss/locally_kappa-presentable,locally kappa-presentable category
labeled F-structures,https://mathgloss.github.io/MathGloss/labeled_F-structures,labeled F-structures
induction,https://mathgloss.github.io/MathGloss/induction,induction functor
maybe monad,https://mathgloss.github.io/MathGloss/maybe_monad,maybe monad
left Kan extension,https://mathgloss.github.io/MathGloss/left_Kan_extension,left Kan extension
bilinear map,https://mathgloss.github.io/MathGloss/bilinear_map,bilinear map
reflect isomorphisms,https://mathgloss.github.io/MathGloss/reflect_isomorphisms,reflection of isomorphisms
domain,https://mathgloss.github.io/MathGloss/domain,domain morphism
sequential colimit,https://mathgloss.github.io/MathGloss/sequential_colimit,sequential colimit
epic,https://mathgloss.github.io/MathGloss/epic,epic morphism
kernel pair,https://mathgloss.github.io/MathGloss/kernel_pair,kernel pair
homotopy category,https://mathgloss.github.io/MathGloss/homotopy_category,homotopy category
$U$-split coequalizer,https://mathgloss.github.io/MathGloss/$U$-split_coequalizer,$U$-split coequalizer
left adjoint,https://mathgloss.github.io/MathGloss/left_adjoint,left adjoint functor
middle four interchange,https://mathgloss.github.io/MathGloss/middle_four_interchange,middle four interchange
category internal to,https://mathgloss.github.io/MathGloss/category_internal_to,category internal to $\mathsf{E}$
G-set,https://mathgloss.github.io/MathGloss/G-set,**G-set**
free monoid monad,https://mathgloss.github.io/MathGloss/free_monoid_monad,free monoid monad
models,https://mathgloss.github.io/MathGloss/models,model
right derived functors,https://mathgloss.github.io/MathGloss/right_derived_functors,left derived functor
fully-specified adjunction,https://mathgloss.github.io/MathGloss/fully-specified_adjunction,fully-specified adjunction
cocontinuous,https://mathgloss.github.io/MathGloss/cocontinuous,cocontinuous functor
endofunctor,https://mathgloss.github.io/MathGloss/endofunctor,endofunctor
G-equivariant,https://mathgloss.github.io/MathGloss/G-equivariant,$G$-equivariant morphism
pullback,https://mathgloss.github.io/MathGloss/pullback,pullback square
boundary homomorphisms,https://mathgloss.github.io/MathGloss/boundary_homomorphisms,boundary homomorphism
monotone,https://mathgloss.github.io/MathGloss/monotone,monotone Galois connection
discrete dynamical system,https://mathgloss.github.io/MathGloss/discrete_dynamical_system,discrete dynamical system
Galois connection between syntax and semantics,https://mathgloss.github.io/MathGloss/Galois_connection_between_syntax_and_semantics,Galois connection
representable universal property of the limit,https://mathgloss.github.io/MathGloss/representable_universal_property_of_the_limit,representable universal property
codomain,https://mathgloss.github.io/MathGloss/codomain,codomain
terminal object,https://mathgloss.github.io/MathGloss/terminal_object,terminal object
point-set derived functors,https://mathgloss.github.io/MathGloss/point-set_derived_functors,point-set derived functor
Galois extension,https://mathgloss.github.io/MathGloss/Galois_extension,Galois extension
bijections,https://mathgloss.github.io/MathGloss/bijections,bijection
total left derived functor,https://mathgloss.github.io/MathGloss/total_left_derived_functor,total left derived functor
symmetric monoidal category,https://mathgloss.github.io/MathGloss/symmetric_monoidal_category,symmetric monoidal category
Eilenberg-MacLane space,https://mathgloss.github.io/MathGloss/Eilenberg-MacLane_space,Eilenberg-MacLane space
separator,https://mathgloss.github.io/MathGloss/separator,separating set
reduced suspension,https://mathgloss.github.io/MathGloss/reduced_suspension,reduced suspension
Markov kernels,https://mathgloss.github.io/MathGloss/Markov_kernels,adjunction
2-of-6 property,https://mathgloss.github.io/MathGloss/2-of-6_property,2-of-6 property
geometric realization,https://mathgloss.github.io/MathGloss/geometric_realization,geometric realization of a simplicial set
fixed points,https://mathgloss.github.io/MathGloss/fixed_points,fixed point
pointwise right Kan extension,https://mathgloss.github.io/MathGloss/pointwise_right_Kan_extension,pointwise right Kan extension
affine linear combination,https://mathgloss.github.io/MathGloss/affine_linear_combination,affine linear combination
cover,https://mathgloss.github.io/MathGloss/cover,sheaf
double dual monad,https://mathgloss.github.io/MathGloss/double_dual_monad,double power set monad
representable universal property of the colimit,https://mathgloss.github.io/MathGloss/representable_universal_property_of_the_colimit,representable universal property of the colimit
opposing pair,https://mathgloss.github.io/MathGloss/opposing_pair,opposing pair of morphisms
smash product,https://mathgloss.github.io/MathGloss/smash_product,smash product
group completion,https://mathgloss.github.io/MathGloss/group_completion,group completion
biproducts,https://mathgloss.github.io/MathGloss/biproducts,biproduct
Grothendieck group,https://mathgloss.github.io/MathGloss/Grothendieck_group,Grothendieck group
regular,https://mathgloss.github.io/MathGloss/regular,regular cardinal
free group,https://mathgloss.github.io/MathGloss/free_group,free group
Lawvere theory,https://mathgloss.github.io/MathGloss/Lawvere_theory,Lawvere theory
limit diagram,https://mathgloss.github.io/MathGloss/limit_diagram,limit diagram
epi,https://mathgloss.github.io/MathGloss/epi,epi morphism
under,https://mathgloss.github.io/MathGloss/under,morphism under $c$
directed graph,https://mathgloss.github.io/MathGloss/directed_graph,directed graph
Frobenius reciprocity,https://mathgloss.github.io/MathGloss/Frobenius_reciprocity,Frobenius reciprocity
basepoint,https://mathgloss.github.io/MathGloss/basepoint,basepoint
powers,https://mathgloss.github.io/MathGloss/powers,power
reflective subcategory,https://mathgloss.github.io/MathGloss/reflective_subcategory,Reflective subcategory
maps,https://mathgloss.github.io/MathGloss/maps,morphism
cokernel,https://mathgloss.github.io/MathGloss/cokernel,cokernel
mono,https://mathgloss.github.io/MathGloss/mono,monomorphism
philosophy of generalized elements,https://mathgloss.github.io/MathGloss/philosophy_of_generalized_elements,philosophy of generalized elements
weak homotopy equivalences,https://mathgloss.github.io/MathGloss/weak_homotopy_equivalences,weak homotopy equivalence
commutator subgroup,https://mathgloss.github.io/MathGloss/commutator_subgroup,commutator subgroup
dual basis,https://mathgloss.github.io/MathGloss/dual_basis,dual basis
mutually left adjoint,https://mathgloss.github.io/MathGloss/mutually_left_adjoint,mutually left adjoint functors
partial function,https://mathgloss.github.io/MathGloss/partial_function,partial function
apex,https://mathgloss.github.io/MathGloss/apex,cone over a diagram
dense subcategory,https://mathgloss.github.io/MathGloss/dense_subcategory,dense subcategory
conservative,https://mathgloss.github.io/MathGloss/conservative,conservative functor
boundary,https://mathgloss.github.io/MathGloss/boundary,boundary
quasi-isomorphisms,https://mathgloss.github.io/MathGloss/quasi-isomorphisms,quasi-isomorphism
finitary,https://mathgloss.github.io/MathGloss/finitary,finitary functor
Galois group,https://mathgloss.github.io/MathGloss/Galois_group,Galois group
relation,https://mathgloss.github.io/MathGloss/relation,equivalence relation
antitone Galois connection,https://mathgloss.github.io/MathGloss/antitone_Galois_connection,antitone Galois connection
weakly initial object,https://mathgloss.github.io/MathGloss/weakly_initial_object,weakly initial object
idempotent monad,https://mathgloss.github.io/MathGloss/idempotent_monad,idempotent monad
topological monoid,https://mathgloss.github.io/MathGloss/topological_monoid,topological monoid
unlabeled F-structures,https://mathgloss.github.io/MathGloss/unlabeled_F-structures,unlabeled F-structures
finite,https://mathgloss.github.io/MathGloss/finite,finite diagram
dual,https://mathgloss.github.io/MathGloss/dual,natural isomorphism
dependent product,https://mathgloss.github.io/MathGloss/dependent_product,dependent product
Étale space,https://mathgloss.github.io/MathGloss/etale_space,Étale space
fundamental groupoid,https://mathgloss.github.io/MathGloss/fundamental_groupoid,fundamental groupoid
monad,https://mathgloss.github.io/MathGloss/monad,monad on a category
discrete time Markov chain,https://mathgloss.github.io/MathGloss/discrete_time_Markov_chain,Kleisli category
equivalent,https://mathgloss.github.io/MathGloss/equivalent,equivalence of categories
dual vector space,https://mathgloss.github.io/MathGloss/dual_vector_space,dual vector space
decategorification,https://mathgloss.github.io/MathGloss/decategorification,decategorification
comma category,https://mathgloss.github.io/MathGloss/comma_category,comma category
subobject,https://mathgloss.github.io/MathGloss/subobject,subobject
free unital ring on a single generator,https://mathgloss.github.io/MathGloss/free_unital_ring_on_a_single_generator,free unital ring on a single generator
idempotent,https://mathgloss.github.io/MathGloss/idempotent,idempotent endomorphism
affine,https://mathgloss.github.io/MathGloss/affine,affine linear combination
full embedding,https://mathgloss.github.io/MathGloss/full_embedding,full embedding
cone over,https://mathgloss.github.io/MathGloss/cone_over,cone over a diagram
discrete,https://mathgloss.github.io/MathGloss/discrete,discrete category
regular cardinal,https://mathgloss.github.io/MathGloss/regular_cardinal,locally $\kappa$-presentable category
dual theorem,https://mathgloss.github.io/MathGloss/dual_theorem,dual theorem
slice categories,https://mathgloss.github.io/MathGloss/slice_categories,slice category
epimorphism,https://mathgloss.github.io/MathGloss/epimorphism,epimorphism
isomorphic,https://mathgloss.github.io/MathGloss/isomorphic,isomorphic objects
subcategory,https://mathgloss.github.io/MathGloss/subcategory,subcategory
Beck--Chevalley condition,https://mathgloss.github.io/MathGloss/Beck-Chevalley_condition,Beck-Chevalley condition
skeletal,https://mathgloss.github.io/MathGloss/skeletal,skeletal category
free R-module monad,https://mathgloss.github.io/MathGloss/free_R-module_monad,free R-module monad
maximal groupoid,https://mathgloss.github.io/MathGloss/maximal_groupoid,maximal groupoid
contractible groupoid,https://mathgloss.github.io/MathGloss/contractible_groupoid,contractible groupoid
commutative cube,https://mathgloss.github.io/MathGloss/commutative_cube,commutative cube
equivalence relation,https://mathgloss.github.io/MathGloss/equivalence_relation,equivalence relation
direct sums,https://mathgloss.github.io/MathGloss/direct_sums,direct sum
zero object,https://mathgloss.github.io/MathGloss/zero_object,abelian category
based loop space,https://mathgloss.github.io/MathGloss/based_loop_space,Based loop space
free product,https://mathgloss.github.io/MathGloss/free_product,free product of groups
extranatural transformation,https://mathgloss.github.io/MathGloss/extranatural_transformation,Natural transformation
action,https://mathgloss.github.io/MathGloss/action,**action**
representable,https://mathgloss.github.io/MathGloss/representable,representable functor
orbits,https://mathgloss.github.io/MathGloss/orbits,orbit
on n generators,https://mathgloss.github.io/MathGloss/on_n_generators,free group on n generators
center of the category,https://mathgloss.github.io/MathGloss/center_of_the_category,center of the category
adic solenoid,https://mathgloss.github.io/MathGloss/adic_solenoid,p-adic solenoid
opposite category,https://mathgloss.github.io/MathGloss/opposite_category,opposite category
finite formal sum,https://mathgloss.github.io/MathGloss/finite_formal_sum,finite formal sum
section,https://mathgloss.github.io/MathGloss/section,section
total derivative,https://mathgloss.github.io/MathGloss/total_derivative,total derivative
chaotic,https://mathgloss.github.io/MathGloss/chaotic,chaotic category
adic integers,https://mathgloss.github.io/MathGloss/adic_integers,p-adic integer
categorification,https://mathgloss.github.io/MathGloss/categorification,categorification
limit,https://mathgloss.github.io/MathGloss/limit,limit object
localization functor,https://mathgloss.github.io/MathGloss/localization_functor,localization functor
free abelian group,https://mathgloss.github.io/MathGloss/free_abelian_group,free abelian group
minimal homotopical structure,https://mathgloss.github.io/MathGloss/minimal_homotopical_structure,minimal homotopical structure
Kleisli category,https://mathgloss.github.io/MathGloss/Kleisli_category,Kleisli category
linear functional,https://mathgloss.github.io/MathGloss/linear_functional,linear functional
Giry monad,https://mathgloss.github.io/MathGloss/Giry_monad,**Idempotent monad**
coequalizer diagram,https://mathgloss.github.io/MathGloss/coequalizer_diagram,coequalizer diagram
classifying function,https://mathgloss.github.io/MathGloss/classifying_function,classifying function
joins,https://mathgloss.github.io/MathGloss/joins,lattice morphism
linear dual,https://mathgloss.github.io/MathGloss/linear_dual,linear dual
free vector space on the set,https://mathgloss.github.io/MathGloss/free_vector_space_on_the_set,free vector space
local,https://mathgloss.github.io/MathGloss/local,initial object
whiskered composite,https://mathgloss.github.io/MathGloss/whiskered_composite,whiskered composite
equalizer diagram,https://mathgloss.github.io/MathGloss/equalizer_diagram,Equalizer
trivial fiber space,https://mathgloss.github.io/MathGloss/trivial_fiber_space,trivial fiber space
monadic over,https://mathgloss.github.io/MathGloss/monadic_over,monadic category
free commutative monoid monad,https://mathgloss.github.io/MathGloss/free_commutative_monoid_monad,free commutative monoid monad
skeleton,https://mathgloss.github.io/MathGloss/skeleton,skeleton of a category
dense,https://mathgloss.github.io/MathGloss/dense,dense subcategory
exact sequence,https://mathgloss.github.io/MathGloss/exact_sequence,exact sequence
strictly monadic,https://mathgloss.github.io/MathGloss/strictly_monadic,strictly monadic functor
terminal n-colored graph,https://mathgloss.github.io/MathGloss/terminal_n-colored_graph,terminal n-colored graph
restriction of scalars,https://mathgloss.github.io/MathGloss/restriction_of_scalars,restriction of scalars functor
connected components,https://mathgloss.github.io/MathGloss/connected_components,connected component
two-sided represented functor,https://mathgloss.github.io/MathGloss/two-sided_represented_functor,two-sided represented functor
interior,https://mathgloss.github.io/MathGloss/interior,interior of a set
colimit diagram,https://mathgloss.github.io/MathGloss/colimit_diagram,colimit diagram
reflexive,https://mathgloss.github.io/MathGloss/reflexive,reflexive pair
universal property,https://mathgloss.github.io/MathGloss/universal_property,universal element
classifying space,https://mathgloss.github.io/MathGloss/classifying_space,classifying space
Galois connection,https://mathgloss.github.io/MathGloss/Galois_connection,Galois connection
center,https://mathgloss.github.io/MathGloss/center,center of a group
split coequalizer,https://mathgloss.github.io/MathGloss/split_coequalizer,split coequalizer diagram
pushout,https://mathgloss.github.io/MathGloss/pushout,pushout
vertical composition,https://mathgloss.github.io/MathGloss/vertical_composition,horizontal composition
reflector,https://mathgloss.github.io/MathGloss/reflector,reflector
subobject classifier,https://mathgloss.github.io/MathGloss/subobject_classifier,subobject classifier
presheaf,https://mathgloss.github.io/MathGloss/presheaf,presheaf
endomorphism,https://mathgloss.github.io/MathGloss/endomorphism,endomorphism
cocones,https://mathgloss.github.io/MathGloss/cocones,cone
functor,https://mathgloss.github.io/MathGloss/functor,functor
opposite group,https://mathgloss.github.io/MathGloss/opposite_group,opposite group
faithful,https://mathgloss.github.io/MathGloss/faithful,faithful functor
strictly creates coequalizers of $U$-split pairs,https://mathgloss.github.io/MathGloss/strictly_creates_coequalizers_of_$U$-split_pairs,$U$-split coequalizer
right action,https://mathgloss.github.io/MathGloss/right_action,right action
four color theorem,https://mathgloss.github.io/MathGloss/four_color_theorem,Four color theorem
tensors,https://mathgloss.github.io/MathGloss/tensors,tensor
fork,https://mathgloss.github.io/MathGloss/fork,fork
complete lattice,https://mathgloss.github.io/MathGloss/complete_lattice,complete lattice
product projections,https://mathgloss.github.io/MathGloss/product_projections,product projections
double power set monad,https://mathgloss.github.io/MathGloss/double_power_set_monad,Double power set monad
retract,https://mathgloss.github.io/MathGloss/retract,retraction
monic,https://mathgloss.github.io/MathGloss/monic,monic morphism
absolute,https://mathgloss.github.io/MathGloss/absolute,absolute coequalizer
cotensors,https://mathgloss.github.io/MathGloss/cotensors,cotensors
cone under,https://mathgloss.github.io/MathGloss/cone_under,cone under
colimit cone,https://mathgloss.github.io/MathGloss/colimit_cone,colimit cone
reflexive directed graphs,https://mathgloss.github.io/MathGloss/reflexive_directed_graphs,reflexive tripleability theorem
algebra,https://mathgloss.github.io/MathGloss/algebra,Affine algebra
free abelian group monad,https://mathgloss.github.io/MathGloss/free_abelian_group_monad,free abelian group monad
essentially surjective on objects,https://mathgloss.github.io/MathGloss/essentially_surjective_on_objects,essentially surjective functor
coskeleton,https://mathgloss.github.io/MathGloss/coskeleton,coskeleton
right adjoint,https://mathgloss.github.io/MathGloss/right_adjoint,right adjoint functor
variable adjunction,https://mathgloss.github.io/MathGloss/variable_adjunction,n-variable adjunction
homotopy equivalences,https://mathgloss.github.io/MathGloss/homotopy_equivalences,homotopy equivalence
coalgebra,https://mathgloss.github.io/MathGloss/coalgebra,terminal coalgebra
twisted arrow category,https://mathgloss.github.io/MathGloss/twisted_arrow_category,twisted arrow category
