title,link
Alexandroff space,https://mathgloss.github.io/MathGloss/chicago/Alexandroff_space
Baire class,https://mathgloss.github.io/MathGloss/chicago/Baire_class
Euclidean inner product,https://mathgloss.github.io/MathGloss/chicago/Euclidean_inner_product
Euler characteristic of a graph,https://mathgloss.github.io/MathGloss/chicago/Euler_characteristic_of_a_graph
F conjugate,https://mathgloss.github.io/MathGloss/chicago/F-conjugate
Frattini subgroup,https://mathgloss.github.io/MathGloss/chicago/Frattini_subgroup
G invariant vectors,https://mathgloss.github.io/MathGloss/chicago/G-invariant_vectors
Gale Stewart game,https://mathgloss.github.io/MathGloss/chicago/Gale-Stewart_game
Galois group of a polynomial,https://mathgloss.github.io/MathGloss/chicago/Galois_group_of_a_polynomial
Gaussian integers,https://mathgloss.github.io/MathGloss/chicago/Gaussian_integers
Haar integral,https://mathgloss.github.io/MathGloss/chicago/Haar_integral
Hardy Littlewood maximal operator,https://mathgloss.github.io/MathGloss/chicago/Hardy-Littlewood_maximal_operator
Hausdorff,https://mathgloss.github.io/MathGloss/chicago/Hausdorff
Hermitian inner product,https://mathgloss.github.io/MathGloss/chicago/Hermitian_inner_product
L2 inner product on group functions,https://mathgloss.github.io/MathGloss/chicago/L2_inner_product_on_group_functions
Laplacian,https://mathgloss.github.io/MathGloss/chicago/Laplacian
Lebesgue integral,https://mathgloss.github.io/MathGloss/chicago/Lebesgue_integral
Lebesgue integral of a simple function,https://mathgloss.github.io/MathGloss/chicago/Lebesgue_integral_of_a_simple_function
Lebesgue integral of characteristic function,https://mathgloss.github.io/MathGloss/chicago/Lebesgue_integral_of_characteristic_function
Lebesgue measurable function,https://mathgloss.github.io/MathGloss/chicago/Lebesgue_measurable_function
Lie algebra homomorphism,https://mathgloss.github.io/MathGloss/chicago/Lie_algebra_homomorphism
Lie correspondence,https://mathgloss.github.io/MathGloss/chicago/Lie_correspondence
Lorentz group,https://mathgloss.github.io/MathGloss/chicago/Lorentz_group
Lusin function,https://mathgloss.github.io/MathGloss/chicago/Lusin_function
Pontryagin dual,https://mathgloss.github.io/MathGloss/chicago/Pontryagin_dual
Radon Nikodym derivative,https://mathgloss.github.io/MathGloss/chicago/Radon-Nikodym_derivative
Riemann integrable,https://mathgloss.github.io/MathGloss/chicago/Riemann_integrable
Schur polynomials,https://mathgloss.github.io/MathGloss/chicago/Schur_polynomials
T0 space,https://mathgloss.github.io/MathGloss/chicago/T0_space
Young subgroup,https://mathgloss.github.io/MathGloss/chicago/Young_subgroup
absolute continuity,https://mathgloss.github.io/MathGloss/chicago/absolute_continuity
absolute continuity of measure,https://mathgloss.github.io/MathGloss/chicago/absolute_continuity_of_measure
adjoint of a linear transformation,https://mathgloss.github.io/MathGloss/chicago/adjoint_of_a_linear_transformation
adjoint representation of a Lie group,https://mathgloss.github.io/MathGloss/chicago/adjoint_representation_of_a_Lie_group
adjugate,https://mathgloss.github.io/MathGloss/chicago/adjugate
affine transformations,https://mathgloss.github.io/MathGloss/chicago/affine_transformations
algebra of subsets,https://mathgloss.github.io/MathGloss/chicago/algebra_of_subsets
annihilator of a submodule,https://mathgloss.github.io/MathGloss/chicago/annihilator_of_a_submodule
associate elements in an integral domain,https://mathgloss.github.io/MathGloss/chicago/associate_elements_in_an_integral_domain
associative,https://mathgloss.github.io/MathGloss/chicago/associative
basis for abelian group,https://mathgloss.github.io/MathGloss/chicago/basis_for_abelian_group
bijective,https://mathgloss.github.io/MathGloss/chicago/bijective
boundary points of a manifold,https://mathgloss.github.io/MathGloss/chicago/boundary_points_of_a_manifold
bounded,https://mathgloss.github.io/MathGloss/chicago/bounded
bounded variation,https://mathgloss.github.io/MathGloss/chicago/bounded_variation
center of a group,https://mathgloss.github.io/MathGloss/chicago/center_of_a_group
center of an algebra,https://mathgloss.github.io/MathGloss/chicago/center_of_an_algebra
centralizer of a Lie algebra,https://mathgloss.github.io/MathGloss/chicago/centralizer_of_a_Lie_algebra
centralizer of a subset,https://mathgloss.github.io/MathGloss/chicago/centralizer_of_a_subset
character of a representation,https://mathgloss.github.io/MathGloss/chicago/character_of_a_representation
character table,https://mathgloss.github.io/MathGloss/chicago/character_table
characteristic map of open simplex,https://mathgloss.github.io/MathGloss/chicago/characteristic_map_of_open_simplex
characteristic of a field,https://mathgloss.github.io/MathGloss/chicago/characteristic_of_a_field
characteristic subgroup,https://mathgloss.github.io/MathGloss/chicago/characteristic_subgroup
circle group,https://mathgloss.github.io/MathGloss/chicago/circle_group
closed,https://mathgloss.github.io/MathGloss/chicago/closed
closed edge path,https://mathgloss.github.io/MathGloss/chicago/closed_edge_path
comaximal ring ideals,https://mathgloss.github.io/MathGloss/chicago/comaximal_ring_ideals
comeager,https://mathgloss.github.io/MathGloss/chicago/comeager
commutative,https://mathgloss.github.io/MathGloss/chicago/commutative
commutator subgroup,https://mathgloss.github.io/MathGloss/chicago/commutator_subgroup
compact,https://mathgloss.github.io/MathGloss/chicago/compact
compact linear transformation,https://mathgloss.github.io/MathGloss/chicago/compact_linear_transformation
compact support,https://mathgloss.github.io/MathGloss/chicago/compact_support
compactly closed,https://mathgloss.github.io/MathGloss/chicago/compactly_closed
complete reducibility,https://mathgloss.github.io/MathGloss/chicago/complete_reducibility
complex differentiability,https://mathgloss.github.io/MathGloss/chicago/complex_differentiability
complex exponential,https://mathgloss.github.io/MathGloss/chicago/complex_exponential
complex integral,https://mathgloss.github.io/MathGloss/chicago/complex_integral
complex numbers,https://mathgloss.github.io/MathGloss/chicago/complex_numbers
component function,https://mathgloss.github.io/MathGloss/chicago/component_function
component interval,https://mathgloss.github.io/MathGloss/chicago/component_interval
composition series of a group,https://mathgloss.github.io/MathGloss/chicago/composition_series_of_a_group
composition series of a module,https://mathgloss.github.io/MathGloss/chicago/composition_series_of_a_module
conjugacy classes,https://mathgloss.github.io/MathGloss/chicago/conjugacy_classes
conjugate subgroups,https://mathgloss.github.io/MathGloss/chicago/conjugate_subgroups
conjugate transpose,https://mathgloss.github.io/MathGloss/chicago/conjugate_transpose
continuous,https://mathgloss.github.io/MathGloss/chicago/continuous
contractible,https://mathgloss.github.io/MathGloss/chicago/contractible
contracting sequence of sets in a metric space,https://mathgloss.github.io/MathGloss/chicago/contracting_sequence_of_sets_in_a_metric_space
coprime,https://mathgloss.github.io/MathGloss/chicago/coprime
countable,https://mathgloss.github.io/MathGloss/chicago/countable
cycle type,https://mathgloss.github.io/MathGloss/chicago/cycle_type
dense,https://mathgloss.github.io/MathGloss/chicago/dense
derived series of a Lie algebra,https://mathgloss.github.io/MathGloss/chicago/derived_series_of_a_Lie_algebra
derived series of a group,https://mathgloss.github.io/MathGloss/chicago/derived_series_of_a_group
determined,https://mathgloss.github.io/MathGloss/chicago/determined
diameter of a set,https://mathgloss.github.io/MathGloss/chicago/diameter_of_a_set
differentiability in closed half space,https://mathgloss.github.io/MathGloss/chicago/differentiability_in_closed_half-space
differentiable,https://mathgloss.github.io/MathGloss/chicago/differentiable
differential k form,https://mathgloss.github.io/MathGloss/chicago/differential_k-form
dimension of group representation,https://mathgloss.github.io/MathGloss/chicago/dimension_of_group_representation
dimension of vector space,https://mathgloss.github.io/MathGloss/chicago/dimension_of_vector_space
direct sum decomposition of a Lie algebra,https://mathgloss.github.io/MathGloss/chicago/direct_sum_decomposition_of_a_Lie_algebra
direct sum of Lie algebras,https://mathgloss.github.io/MathGloss/chicago/direct_sum_of_Lie_algebras
direct sum of group representations,https://mathgloss.github.io/MathGloss/chicago/direct_sum_of_group_representations
direct sum of module homomorphisms,https://mathgloss.github.io/MathGloss/chicago/direct_sum_of_module_homomorphisms
distance from a point to a set,https://mathgloss.github.io/MathGloss/chicago/distance_from_a_point_to_a_set
distributed lattice,https://mathgloss.github.io/MathGloss/chicago/distributed_lattice
division in a ring,https://mathgloss.github.io/MathGloss/chicago/division_in_a_ring
edge path,https://mathgloss.github.io/MathGloss/chicago/edge_path
elementary symmetric polynomials,https://mathgloss.github.io/MathGloss/chicago/elementary_symmetric_polynomials
embedded m dimensional manifold,https://mathgloss.github.io/MathGloss/chicago/embedded_m-dimensional_manifold
embedded m dimensional manifold with boundary,https://mathgloss.github.io/MathGloss/chicago/embedded_m-dimensional_manifold_with_boundary
entire,https://mathgloss.github.io/MathGloss/chicago/entire
equivalence relation,https://mathgloss.github.io/MathGloss/chicago/equivalence_relation
equivalent absolute values,https://mathgloss.github.io/MathGloss/chicago/equivalent_absolute_values
equivalent group representations,https://mathgloss.github.io/MathGloss/chicago/equivalent_group_representations
equivalent metrics,https://mathgloss.github.io/MathGloss/chicago/equivalent_metrics
exterior power of a vector space,https://mathgloss.github.io/MathGloss/chicago/exterior_power_of_a_vector_space
exterior power of group representations,https://mathgloss.github.io/MathGloss/chicago/exterior_power_of_group_representations
exterior power of linear transformation,https://mathgloss.github.io/MathGloss/chicago/exterior_power_of_linear_transformation
field embedding,https://mathgloss.github.io/MathGloss/chicago/field_embedding
finite length R module,https://mathgloss.github.io/MathGloss/chicago/finite_length_R-module
fixed field,https://mathgloss.github.io/MathGloss/chicago/fixed_field
fraction ring,https://mathgloss.github.io/MathGloss/chicago/fraction_ring
general linear algebra,https://mathgloss.github.io/MathGloss/chicago/general_linear_algebra
generate a field,https://mathgloss.github.io/MathGloss/chicago/generate_a_field
generate a ring ideal,https://mathgloss.github.io/MathGloss/chicago/generate_a_ring_ideal
generate a topology,https://mathgloss.github.io/MathGloss/chicago/generate_a_topology
generate a σ algebra,https://mathgloss.github.io/MathGloss/chicago/generate_a_σ-algebra
generate an R module,https://mathgloss.github.io/MathGloss/chicago/generate_an_R-module
generate an algebra ideal,https://mathgloss.github.io/MathGloss/chicago/generate_an_algebra_ideal
generate an associative algebra,https://mathgloss.github.io/MathGloss/chicago/generate_an_associative_algebra
geometrically independent,https://mathgloss.github.io/MathGloss/chicago/geometrically_independent
group word,https://mathgloss.github.io/MathGloss/chicago/group_word
holomorphic,https://mathgloss.github.io/MathGloss/chicago/holomorphic
homogeneous relation,https://mathgloss.github.io/MathGloss/chicago/homogeneous_relation
homomorphism of Lie groups,https://mathgloss.github.io/MathGloss/chicago/homomorphism_of_Lie_groups
idempotent,https://mathgloss.github.io/MathGloss/chicago/idempotent
inconsistent,https://mathgloss.github.io/MathGloss/chicago/inconsistent
induced homomorphism on fundamental group,https://mathgloss.github.io/MathGloss/chicago/induced_homomorphism_on_fundamental_group
infimum,https://mathgloss.github.io/MathGloss/chicago/infimum
injective,https://mathgloss.github.io/MathGloss/chicago/injective
inner automorphism of a Lie algebra,https://mathgloss.github.io/MathGloss/chicago/inner_automorphism_of_a_Lie_algebra
inner automorphism of a group,https://mathgloss.github.io/MathGloss/chicago/inner_automorphism_of_a_group
inner product,https://mathgloss.github.io/MathGloss/chicago/inner_product
interior points of a manifold,https://mathgloss.github.io/MathGloss/chicago/interior_points_of_a_manifold
invariant polynomials under group action,https://mathgloss.github.io/MathGloss/chicago/invariant_polynomials_under_group_action
irreducible element of an integral domain,https://mathgloss.github.io/MathGloss/chicago/irreducible_element_of_an_integral_domain
isomorphism of Lie groups,https://mathgloss.github.io/MathGloss/chicago/isomorphism_of_Lie_groups
isomorphism of group representations,https://mathgloss.github.io/MathGloss/chicago/isomorphism_of_group_representations
isotypic component,https://mathgloss.github.io/MathGloss/chicago/isotypic_component
kernel of group homomorphism,https://mathgloss.github.io/MathGloss/chicago/kernel_of_group_homomorphism
kernel of linear transformation,https://mathgloss.github.io/MathGloss/chicago/kernel_of_linear_transformation
kernel of module homomorphism,https://mathgloss.github.io/MathGloss/chicago/kernel_of_module_homomorphism
lattice complement,https://mathgloss.github.io/MathGloss/chicago/lattice_complement
left algebra ideal,https://mathgloss.github.io/MathGloss/chicago/left_algebra_ideal
left coset,https://mathgloss.github.io/MathGloss/chicago/left_coset
left ring ideal,https://mathgloss.github.io/MathGloss/chicago/left_ring_ideal
linear transformation,https://mathgloss.github.io/MathGloss/chicago/linear_transformation
linearly dependent,https://mathgloss.github.io/MathGloss/chicago/linearly_dependent
linearly independent,https://mathgloss.github.io/MathGloss/chicago/linearly_independent
linearly independent group elements,https://mathgloss.github.io/MathGloss/chicago/linearly_independent_group_elements
local maximum,https://mathgloss.github.io/MathGloss/chicago/local_maximum
local minimum,https://mathgloss.github.io/MathGloss/chicago/local_minimum
locally compact group,https://mathgloss.github.io/MathGloss/chicago/locally_compact_group
locally finite cover,https://mathgloss.github.io/MathGloss/chicago/locally_finite_cover
locally monotonic,https://mathgloss.github.io/MathGloss/chicago/locally_monotonic
lower bound,https://mathgloss.github.io/MathGloss/chicago/lower_bound
lower integral,https://mathgloss.github.io/MathGloss/chicago/lower_integral
lower sum,https://mathgloss.github.io/MathGloss/chicago/lower_sum
matrix Lie group,https://mathgloss.github.io/MathGloss/chicago/matrix_Lie_group
matrix logarithm,https://mathgloss.github.io/MathGloss/chicago/matrix_logarithm
maximal subtree,https://mathgloss.github.io/MathGloss/chicago/maximal_subtree
meager,https://mathgloss.github.io/MathGloss/chicago/meager
mean value property,https://mathgloss.github.io/MathGloss/chicago/mean_value_property
measurable,https://mathgloss.github.io/MathGloss/chicago/measurable
measurable hull,https://mathgloss.github.io/MathGloss/chicago/measurable_hull
measure zero,https://mathgloss.github.io/MathGloss/chicago/measure_zero
mesh,https://mathgloss.github.io/MathGloss/chicago/mesh
metric completion,https://mathgloss.github.io/MathGloss/chicago/metric_completion
module over a Lie algebra,https://mathgloss.github.io/MathGloss/chicago/module_over_a_Lie_algebra
module over a ring,https://mathgloss.github.io/MathGloss/chicago/module_over_a_ring
monic,https://mathgloss.github.io/MathGloss/chicago/monic
morphism of group representations,https://mathgloss.github.io/MathGloss/chicago/morphism_of_group_representations
multilinear,https://mathgloss.github.io/MathGloss/chicago/multilinear
multiplicative norm,https://mathgloss.github.io/MathGloss/chicago/multiplicative_norm
multiplicity of simple module in semisimple module,https://mathgloss.github.io/MathGloss/chicago/multiplicity_of_simple_module_in_semisimple_module
negative variation,https://mathgloss.github.io/MathGloss/chicago/negative_variation
nilpotent,https://mathgloss.github.io/MathGloss/chicago/nilpotent
non Archimedean absolute value,https://mathgloss.github.io/MathGloss/chicago/non-Archimedean_absolute_value
nonmeager,https://mathgloss.github.io/MathGloss/chicago/nonmeager
normal series,https://mathgloss.github.io/MathGloss/chicago/normal_series
normalizer of a group,https://mathgloss.github.io/MathGloss/chicago/normalizer_of_a_group
opposite topology,https://mathgloss.github.io/MathGloss/chicago/opposite_topology
ordinary generating function,https://mathgloss.github.io/MathGloss/chicago/ordinary_generating_function
orientable,https://mathgloss.github.io/MathGloss/chicago/orientable
orientation preserving,https://mathgloss.github.io/MathGloss/chicago/orientation-preserving
oriented edge,https://mathgloss.github.io/MathGloss/chicago/oriented_edge
oriented manifold,https://mathgloss.github.io/MathGloss/chicago/oriented_manifold
orthogonal,https://mathgloss.github.io/MathGloss/chicago/orthogonal
orthonormal,https://mathgloss.github.io/MathGloss/chicago/orthonormal
outer derivation,https://mathgloss.github.io/MathGloss/chicago/outer_derivation
outward pointing,https://mathgloss.github.io/MathGloss/chicago/outward_pointing
p adic integers,https://mathgloss.github.io/MathGloss/chicago/p-adic_integers
p primary component of an abelian group,https://mathgloss.github.io/MathGloss/chicago/p-primary_component_of_an_abelian_group
partition of a rectangle,https://mathgloss.github.io/MathGloss/chicago/partition_of_a_rectangle
partition of an integer,https://mathgloss.github.io/MathGloss/chicago/partition_of_an_integer
positive definite,https://mathgloss.github.io/MathGloss/chicago/positive_definite
positive variation,https://mathgloss.github.io/MathGloss/chicago/positive_variation
prime element of an integral domain,https://mathgloss.github.io/MathGloss/chicago/prime_element_of_an_integral_domain
prime subfield,https://mathgloss.github.io/MathGloss/chicago/prime_subfield
primitive root of unity,https://mathgloss.github.io/MathGloss/chicago/primitive_root_of_unity
product of ring ideals,https://mathgloss.github.io/MathGloss/chicago/product_of_ring_ideals
quadratic field extension,https://mathgloss.github.io/MathGloss/chicago/quadratic_field_extension
quadratic integers,https://mathgloss.github.io/MathGloss/chicago/quadratic_integers
quotient by equivalence relation,https://mathgloss.github.io/MathGloss/chicago/quotient_by_equivalence_relation
quotient by normal subgroup,https://mathgloss.github.io/MathGloss/chicago/quotient_by_normal_subgroup
quotient by subgroup,https://mathgloss.github.io/MathGloss/chicago/quotient_by_subgroup
quotient of Lie algebra by ideal,https://mathgloss.github.io/MathGloss/chicago/quotient_of_Lie_algebra_by_ideal
quotient of modules,https://mathgloss.github.io/MathGloss/chicago/quotient_of_modules
quotient of topological spaces,https://mathgloss.github.io/MathGloss/chicago/quotient_of_topological_spaces
quotient vector space,https://mathgloss.github.io/MathGloss/chicago/quotient_vector_space
rank of a finitely generated abelian group,https://mathgloss.github.io/MathGloss/chicago/rank_of_a_finitely_generated_abelian_group
rectifiable,https://mathgloss.github.io/MathGloss/chicago/rectifiable
reduced edge path,https://mathgloss.github.io/MathGloss/chicago/reduced_edge_path
reflexive,https://mathgloss.github.io/MathGloss/chicago/reflexive
regular,https://mathgloss.github.io/MathGloss/chicago/regular
regular family,https://mathgloss.github.io/MathGloss/chicago/regular_family
right algebra ideal,https://mathgloss.github.io/MathGloss/chicago/right_algebra_ideal
right coset,https://mathgloss.github.io/MathGloss/chicago/right_coset
right ring ideal,https://mathgloss.github.io/MathGloss/chicago/right_ring_ideal
ring norm,https://mathgloss.github.io/MathGloss/chicago/ring_norm
ring of subsets,https://mathgloss.github.io/MathGloss/chicago/ring_of_subsets
row operations,https://mathgloss.github.io/MathGloss/chicago/row_operations
semi locally simply connected,https://mathgloss.github.io/MathGloss/chicago/semi-locally_simply_connected
separable field,https://mathgloss.github.io/MathGloss/chicago/separable_field
separable metric space,https://mathgloss.github.io/MathGloss/chicago/separable_metric_space
sequence convergence,https://mathgloss.github.io/MathGloss/chicago/sequence_convergence
sign of permutation,https://mathgloss.github.io/MathGloss/chicago/sign_of_permutation
simple field extension,https://mathgloss.github.io/MathGloss/chicago/simple_field_extension
simple region,https://mathgloss.github.io/MathGloss/chicago/simple_region
skeleton of a category,https://mathgloss.github.io/MathGloss/chicago/skeleton_of_a_category
smooth,https://mathgloss.github.io/MathGloss/chicago/smooth
smooth topological m dimensional manifold with boundary,https://mathgloss.github.io/MathGloss/chicago/smooth_topological_m-dimensional_manifold_with_boundary
solvability by radicals,https://mathgloss.github.io/MathGloss/chicago/solvability_by_radicals
special linear algebra,https://mathgloss.github.io/MathGloss/chicago/special_linear_algebra
stabilizer under group action,https://mathgloss.github.io/MathGloss/chicago/stabilizer_under_group_action
strong differential basis,https://mathgloss.github.io/MathGloss/chicago/strong_differential_basis
subbasis,https://mathgloss.github.io/MathGloss/chicago/subbasis
subinterval,https://mathgloss.github.io/MathGloss/chicago/subinterval
subnormal series,https://mathgloss.github.io/MathGloss/chicago/subnormal_series
subrectangle,https://mathgloss.github.io/MathGloss/chicago/subrectangle
sum of ring ideals,https://mathgloss.github.io/MathGloss/chicago/sum_of_ring_ideals
surjective,https://mathgloss.github.io/MathGloss/chicago/surjective
symmetric,https://mathgloss.github.io/MathGloss/chicago/symmetric
symmetric power of group representations,https://mathgloss.github.io/MathGloss/chicago/symmetric_power_of_group_representations
symmetric power of vector spaces,https://mathgloss.github.io/MathGloss/chicago/symmetric_power_of_vector_spaces
tensor product of vector spaces,https://mathgloss.github.io/MathGloss/chicago/tensor_product_of_vector_spaces
topological basis,https://mathgloss.github.io/MathGloss/chicago/topological_basis
topological m dimensional manifold with boundary,https://mathgloss.github.io/MathGloss/chicago/topological_m-dimensional_manifold_with_boundary
topology of the union,https://mathgloss.github.io/MathGloss/chicago/topology_of_the_union
transcendental,https://mathgloss.github.io/MathGloss/chicago/transcendental
transition function,https://mathgloss.github.io/MathGloss/chicago/transition_function
transitive,https://mathgloss.github.io/MathGloss/chicago/transitive
trivial group representation,https://mathgloss.github.io/MathGloss/chicago/trivial_group_representation
typical,https://mathgloss.github.io/MathGloss/chicago/typical
uncountable,https://mathgloss.github.io/MathGloss/chicago/uncountable
unique factorization domain,https://mathgloss.github.io/MathGloss/chicago/unique_factorization_domain
unit of a ring,https://mathgloss.github.io/MathGloss/chicago/unit_of_a_ring
unital subring,https://mathgloss.github.io/MathGloss/chicago/unital_subring
unitary group representation,https://mathgloss.github.io/MathGloss/chicago/unitary_group_representation
upper integral,https://mathgloss.github.io/MathGloss/chicago/upper_integral
upper sum,https://mathgloss.github.io/MathGloss/chicago/upper_sum
vector subspace,https://mathgloss.github.io/MathGloss/chicago/vector_subspace
volume of a rectifiable set,https://mathgloss.github.io/MathGloss/chicago/volume_of_a_rectifiable_set
volume of compact topological space,https://mathgloss.github.io/MathGloss/chicago/volume_of_compact_topological_space
σ algebra,https://mathgloss.github.io/MathGloss/chicago/σ-algebra
σ finite,https://mathgloss.github.io/MathGloss/chicago/σ-finite
