Wikidata ID,Context,Context link
Q3041173,group extension,https://emilyriehl.github.io/files/context.pdf#page=19
Q311627,p-adic integers,https://emilyriehl.github.io/files/context.pdf#page=19
Q3489713,p-adic solenoid,https://emilyriehl.github.io/files/context.pdf#page=19
Q2495664,universal coefficient theorem,https://emilyriehl.github.io/files/context.pdf#page=19
Q1144780,homology,https://emilyriehl.github.io/files/context.pdf#page=19
Q1198376,cohomology,https://emilyriehl.github.io/files/context.pdf#page=19
Q1442189,natural,https://emilyriehl.github.io/files/context.pdf#page=19
Q752487,dual vector space,https://emilyriehl.github.io/files/context.pdf#page=19
Q1326955,exact sequence,https://emilyriehl.github.io/files/context.pdf#page=19
Q719395,category,https://emilyriehl.github.io/files/context.pdf#page=21
Q1948412,arrow,https://emilyriehl.github.io/files/context.pdf#page=21
Q370502,map,https://emilyriehl.github.io/files/context.pdf#page=21
Q200975,domain,https://emilyriehl.github.io/files/context.pdf#page=21
Q199006,codomain,https://emilyriehl.github.io/files/context.pdf#page=21
Q1948412,identity morphism,https://emilyriehl.github.io/files/context.pdf#page=21
Q179899,topological space,https://emilyriehl.github.io/files/context.pdf#page=22
Q298582,signature,https://emilyriehl.github.io/files/context.pdf#page=22
Q1575634,concrete category,https://emilyriehl.github.io/files/context.pdf#page=22
Q17503273,basepoint,https://emilyriehl.github.io/files/context.pdf#page=22
Q1143328,chain complex,https://emilyriehl.github.io/files/context.pdf#page=22
Q1228851,discrete category,https://emilyriehl.github.io/files/context.pdf#page=23
Q2785361,monoid,https://emilyriehl.github.io/files/context.pdf#page=23
Q1425985,preorder,https://emilyriehl.github.io/files/context.pdf#page=23
Q474715,poset,https://emilyriehl.github.io/files/context.pdf#page=23
Q33401,Russell's paradox,https://emilyriehl.github.io/files/context.pdf#page=24
Q420725,small,https://emilyriehl.github.io/files/context.pdf#page=24
Q719395,small category,https://emilyriehl.github.io/files/context.pdf#page=24
Q77887,von Neumann hierarchy,https://emilyriehl.github.io/files/context.pdf#page=24
Q1465090,Grothendieck universe,https://emilyriehl.github.io/files/context.pdf#page=24
Q719395,locally small,https://emilyriehl.github.io/files/context.pdf#page=25
Q719395,locally small category,https://emilyriehl.github.io/files/context.pdf#page=25
Q1948412,hom-set,https://emilyriehl.github.io/files/context.pdf#page=25
Q189112,isomorphic,https://emilyriehl.github.io/files/context.pdf#page=25
Q189112,isomorphism,https://emilyriehl.github.io/files/context.pdf#page=25
Q782566,automorphism,https://emilyriehl.github.io/files/context.pdf#page=25
Q1196038,groupoid,https://emilyriehl.github.io/files/context.pdf#page=25
Q83478,group,https://emilyriehl.github.io/files/context.pdf#page=25
Q85174068,fundamental groupoid,https://emilyriehl.github.io/files/context.pdf#page=25
Q541563,subcategory,https://emilyriehl.github.io/files/context.pdf#page=26
Q104864167,slice category,https://emilyriehl.github.io/files/context.pdf#page=26
Q210804,co-,https://emilyriehl.github.io/files/context.pdf#page=27
Q7098616,opposite category,https://emilyriehl.github.io/files/context.pdf#page=27
Q3117899,opposite group,https://emilyriehl.github.io/files/context.pdf#page=28
Q1945067,monomorphism,https://emilyriehl.github.io/files/context.pdf#page=29
Q1347208,epimorphism,https://emilyriehl.github.io/files/context.pdf#page=29
Q6899873,monic,https://emilyriehl.github.io/files/context.pdf#page=29
Q267903,epic,https://emilyriehl.github.io/files/context.pdf#page=29
Q224501,mono,https://emilyriehl.github.io/files/context.pdf#page=29
Q297152,epi,https://emilyriehl.github.io/files/context.pdf#page=29
Q60727552,section,https://emilyriehl.github.io/files/context.pdf#page=30
Q7333617,right inverse,https://emilyriehl.github.io/files/context.pdf#page=30
Q60727552,retraction,https://emilyriehl.github.io/files/context.pdf#page=30
Q6516970,left inverse,https://emilyriehl.github.io/files/context.pdf#page=30
Q60727552,retract,https://emilyriehl.github.io/files/context.pdf#page=30
Q60727552,split monomorphism,https://emilyriehl.github.io/files/context.pdf#page=30
Q60727552,split epimorphism,https://emilyriehl.github.io/files/context.pdf#page=30
Q179692,axiom of choice,https://emilyriehl.github.io/files/context.pdf#page=30
Q17502105,supremum,https://emilyriehl.github.io/files/context.pdf#page=31
Q17502105,infimum,https://emilyriehl.github.io/files/context.pdf#page=31
Q864475,functor,https://emilyriehl.github.io/files/context.pdf#page=31
Q864475,functoriality,https://emilyriehl.github.io/files/context.pdf#page=31
Q2646117,forgetful functor,https://emilyriehl.github.io/files/context.pdf#page=31
Q662830,fundamental group,https://emilyriehl.github.io/files/context.pdf#page=32
Q746083,homotopy invariant,https://emilyriehl.github.io/files/context.pdf#page=32
Q431078,free group,https://emilyriehl.github.io/files/context.pdf#page=32
Q207455,chain rule,https://emilyriehl.github.io/files/context.pdf#page=32
Q636889,total derivative,https://emilyriehl.github.io/files/context.pdf#page=32
Q506041,Jacobian matrix,https://emilyriehl.github.io/files/context.pdf#page=32
Q1144897,Brouwer fixed point theorem,https://emilyriehl.github.io/files/context.pdf#page=33
Q622825,clustering algorithm,https://emilyriehl.github.io/files/context.pdf#page=34
Q864475,covariant functor,https://emilyriehl.github.io/files/context.pdf#page=35
Q864475,contravariant functor,https://emilyriehl.github.io/files/context.pdf#page=35
Q261527,linear functional,https://emilyriehl.github.io/files/context.pdf#page=35
Q170058,continuous function,https://emilyriehl.github.io/files/context.pdf#page=36
Q7241077,presheaf,https://emilyriehl.github.io/files/context.pdf#page=36
Q1467124,simplicial set,https://emilyriehl.github.io/files/context.pdf#page=36
Q288465,group action,https://emilyriehl.github.io/files/context.pdf#page=36
Q288465,G-set,https://emilyriehl.github.io/files/context.pdf#page=36
Q864475,bifunctor,https://emilyriehl.github.io/files/context.pdf#page=37
Q5051852,category of categories,https://emilyriehl.github.io/files/context.pdf#page=38
Q2020004,Galois extension,https://emilyriehl.github.io/files/context.pdf#page=39
Q730384,Galois group,https://emilyriehl.github.io/files/context.pdf#page=39
Q1756942,partial function,https://emilyriehl.github.io/files/context.pdf#page=39
Q1780005,comma category,https://emilyriehl.github.io/files/context.pdf#page=40
Q1195852,center of a group,https://emilyriehl.github.io/files/context.pdf#page=40
Q522216,commutator subgroup,https://emilyriehl.github.io/files/context.pdf#page=40
Q60790315,automorphism group,https://emilyriehl.github.io/files/context.pdf#page=40
Q2297777,dual basis,https://emilyriehl.github.io/files/context.pdf#page=41
Q1442189,natural transformation,https://emilyriehl.github.io/files/context.pdf#page=41
Q621542,commutative square,https://emilyriehl.github.io/files/context.pdf#page=42
Q1442189,natural isomorphism,https://emilyriehl.github.io/files/context.pdf#page=42
Q256355,equivariant map,https://emilyriehl.github.io/files/context.pdf#page=43
Q1751823,no cloning theorem,https://emilyriehl.github.io/files/context.pdf#page=44
Q2293759,torsion subgroup,https://emilyriehl.github.io/files/context.pdf#page=44
Q1357684,Riesz representation theorem,https://emilyriehl.github.io/files/context.pdf#page=44
Q188211,invariant,https://emilyriehl.github.io/files/context.pdf#page=45
Q5051825,decategorification,https://emilyriehl.github.io/files/context.pdf#page=46
Q5422217,extranatural transformation,https://emilyriehl.github.io/files/context.pdf#page=46
Q1082992,equivalence of categories,https://emilyriehl.github.io/files/context.pdf#page=48
Q237107,full,https://emilyriehl.github.io/files/context.pdf#page=48
Q1064276,full functor,https://emilyriehl.github.io/files/context.pdf#page=48
Q1184041,faithful,https://emilyriehl.github.io/files/context.pdf#page=48
Q1064276,faithful functor,https://emilyriehl.github.io/files/context.pdf#page=48
Q140283,essentially surjective functor,https://emilyriehl.github.io/files/context.pdf#page=48
Q140283,essentially surjective,https://emilyriehl.github.io/files/context.pdf#page=48
Q343930,local,https://emilyriehl.github.io/files/context.pdf#page=49
Q438562,global,https://emilyriehl.github.io/files/context.pdf#page=49
Q980509,embedding,https://emilyriehl.github.io/files/context.pdf#page=49
Q541563,full embedding,https://emilyriehl.github.io/files/context.pdf#page=49
Q541563,full subcategory,https://emilyriehl.github.io/files/context.pdf#page=49
Q5161408,connected category,https://emilyriehl.github.io/files/context.pdf#page=51
Q2291918,skeletal category,https://emilyriehl.github.io/files/context.pdf#page=52
Q2291918,skeleton,https://emilyriehl.github.io/files/context.pdf#page=52
Q230664,orbit,https://emilyriehl.github.io/files/context.pdf#page=52
Q344864,stabilizer,https://emilyriehl.github.io/files/context.pdf#page=52
Q288465,orbit-stabilizer theorem,https://emilyriehl.github.io/files/context.pdf#page=53
Q15292,evil,https://emilyriehl.github.io/files/context.pdf#page=53
Q190995,essentially,https://emilyriehl.github.io/files/context.pdf#page=53
Q5399579,essential image,https://emilyriehl.github.io/files/context.pdf#page=53
Q1084766,abstract nonsense,https://emilyriehl.github.io/files/context.pdf#page=54
Q843237,diagram,https://emilyriehl.github.io/files/context.pdf#page=54
Q621542,commutative diagram,https://emilyriehl.github.io/files/context.pdf#page=54
Q165474,commute,https://emilyriehl.github.io/files/context.pdf#page=54
Q25098802,topological monoid,https://emilyriehl.github.io/files/context.pdf#page=55
Q161172,ring,https://emilyriehl.github.io/files/context.pdf#page=55
Q3968,algebra,https://emilyriehl.github.io/files/context.pdf#page=55
Q529752,initial object,https://emilyriehl.github.io/files/context.pdf#page=59
Q529752,terminal object,https://emilyriehl.github.io/files/context.pdf#page=59
Q529752,zero object,https://emilyriehl.github.io/files/context.pdf#page=61
Q6034125,initial algebra,https://emilyriehl.github.io/files/context.pdf#page=62
Q1386213,algebra for an endofunctor,https://emilyriehl.github.io/files/context.pdf#page=62
Q2007878,functor category,https://emilyriehl.github.io/files/context.pdf#page=62
Q1442189,vertical composition,https://emilyriehl.github.io/files/context.pdf#page=63
Q1442189,horizontal composition,https://emilyriehl.github.io/files/context.pdf#page=63
Q1442189,whiskering,https://emilyriehl.github.io/files/context.pdf#page=64
Q4596935,2 category,https://emilyriehl.github.io/files/context.pdf#page=64
Q4596935,2-category,https://emilyriehl.github.io/files/context.pdf#page=64
Q25304059,2-functor,https://emilyriehl.github.io/files/context.pdf#page=65
Q45715,complete graph,https://emilyriehl.github.io/files/context.pdf#page=67
Q184410,four color theorem,https://emilyriehl.github.io/files/context.pdf#page=67
Q21199,natural numbers,https://emilyriehl.github.io/files/context.pdf#page=68
Q638328,discrete dynamical system,https://emilyriehl.github.io/files/context.pdf#page=68
Q740970,recursion,https://emilyriehl.github.io/files/context.pdf#page=68
Q386320,representable functor,https://emilyriehl.github.io/files/context.pdf#page=69
Q2905654,representation,https://emilyriehl.github.io/files/context.pdf#page=69
Q1417809,universal property,https://emilyriehl.github.io/files/context.pdf#page=69
Q1454111,free abelian group,https://emilyriehl.github.io/files/context.pdf#page=70
Q1366002,path,https://emilyriehl.github.io/files/context.pdf#page=71
Q232632,loop,https://emilyriehl.github.io/files/context.pdf#page=71
Q231766,free,https://emilyriehl.github.io/files/context.pdf#page=71
Q2119470,Sierpinski space,https://emilyriehl.github.io/files/context.pdf#page=72
Q1144925,currying,https://emilyriehl.github.io/files/context.pdf#page=72
Q288465,free action,https://emilyriehl.github.io/files/context.pdf#page=74
Q288465,free group action,https://emilyriehl.github.io/files/context.pdf#page=74
Q320577,Yoneda lemma,https://emilyriehl.github.io/files/context.pdf#page=75
Q320577,Yoneda embedding,https://emilyriehl.github.io/files/context.pdf#page=77
Q179208,Cayley's theorem,https://emilyriehl.github.io/files/context.pdf#page=79
Q21121474,the,https://emilyriehl.github.io/files/context.pdf#page=80
Q386320,universal element,https://emilyriehl.github.io/files/context.pdf#page=80
Q288465,transitive group action,https://emilyriehl.github.io/files/context.pdf#page=81
Q288465,transitive action,https://emilyriehl.github.io/files/context.pdf#page=81
Q17104225,torsor,https://emilyriehl.github.io/files/context.pdf#page=81
Q382698,affine space,https://emilyriehl.github.io/files/context.pdf#page=81
Q4907764,bilinear,https://emilyriehl.github.io/files/context.pdf#page=81
Q1163016,tensor product,https://emilyriehl.github.io/files/context.pdf#page=81
Q2602722,group ring,https://emilyriehl.github.io/files/context.pdf#page=83
Q13416298,evaluation map,https://emilyriehl.github.io/files/context.pdf#page=83
Q5051844,category of elements,https://emilyriehl.github.io/files/context.pdf#page=84
Q7631737,subobject classifier,https://emilyriehl.github.io/files/context.pdf#page=88
Q919107,product,https://emilyriehl.github.io/files/context.pdf#page=91
Q2547089,subobject,https://emilyriehl.github.io/files/context.pdf#page=91
Q48975267,quotient,https://emilyriehl.github.io/files/context.pdf#page=91
Q189061,cell complex,https://emilyriehl.github.io/files/context.pdf#page=91
Q1139111,gluing,https://emilyriehl.github.io/files/context.pdf#page=91
Q1322614,limit,https://emilyriehl.github.io/files/context.pdf#page=91
Q1322614,colimit,https://emilyriehl.github.io/files/context.pdf#page=91
Q864475,constant functor,https://emilyriehl.github.io/files/context.pdf#page=92
Q1850712,cone,https://emilyriehl.github.io/files/context.pdf#page=92
Q1850712,cocone,https://emilyriehl.github.io/files/context.pdf#page=92
Q5450158,finest,https://emilyriehl.github.io/files/context.pdf#page=95
Q5051852,terminal category,https://emilyriehl.github.io/files/context.pdf#page=96
Q1224487,equalizer,https://emilyriehl.github.io/files/context.pdf#page=96
Q1397439,pullback,https://emilyriehl.github.io/files/context.pdf#page=96
Q1397439,fiber product,https://emilyriehl.github.io/files/context.pdf#page=97
Q1640811,fiber,https://emilyriehl.github.io/files/context.pdf#page=97
Q2634828,inverse limit,https://emilyriehl.github.io/files/context.pdf#page=98
Q692689,coproduct,https://emilyriehl.github.io/files/context.pdf#page=99
Q5140810,coequalizer,https://emilyriehl.github.io/files/context.pdf#page=99
Q81881,fork,https://emilyriehl.github.io/files/context.pdf#page=99
Q1633079,pushout,https://emilyriehl.github.io/files/context.pdf#page=99
Q906015,direct limit,https://emilyriehl.github.io/files/context.pdf#page=99
Q12510,torus,https://emilyriehl.github.io/files/context.pdf#page=99
Q2156511,cokernel,https://emilyriehl.github.io/files/context.pdf#page=100
Q185359,union,https://emilyriehl.github.io/files/context.pdf#page=100
Q13582243,direct sum,https://emilyriehl.github.io/files/context.pdf#page=101
Q2219080,guess and check,https://emilyriehl.github.io/files/context.pdf#page=101
Q4370335,complete category,https://emilyriehl.github.io/files/context.pdf#page=103
Q4370335,cocomplete category,https://emilyriehl.github.io/files/context.pdf#page=103
Q217608,fixed point,https://emilyriehl.github.io/files/context.pdf#page=105
Q2243424,idempotent,https://emilyriehl.github.io/files/context.pdf#page=106
Q3055409,split idempotent,https://emilyriehl.github.io/files/context.pdf#page=106
Q6047782,internal category,https://emilyriehl.github.io/files/context.pdf#page=107
Q7241053,preserve,https://emilyriehl.github.io/files/context.pdf#page=108
Q120429,reflect,https://emilyriehl.github.io/files/context.pdf#page=108
Q5183420,create,https://emilyriehl.github.io/files/context.pdf#page=108
Q331481,open cover,https://emilyriehl.github.io/files/context.pdf#page=109
Q33456,power,https://emilyriehl.github.io/files/context.pdf#page=112
Q188524,tensor,https://emilyriehl.github.io/files/context.pdf#page=114
Q1322614,cocontinuous functor,https://emilyriehl.github.io/files/context.pdf#page=117
Q1322614,continuous functor,https://emilyriehl.github.io/files/context.pdf#page=117
Q41636387,configuration space,https://emilyriehl.github.io/files/context.pdf#page=119
Q2362924,complete lattice,https://emilyriehl.github.io/files/context.pdf#page=121
Q2844249,kernel pair,https://emilyriehl.github.io/files/context.pdf#page=121
Q107223533,relation,https://emilyriehl.github.io/files/context.pdf#page=121
Q130998,equivalence relation,https://emilyriehl.github.io/files/context.pdf#page=121
Q5446381,fiber space,https://emilyriehl.github.io/files/context.pdf#page=123
Q7432,species,https://emilyriehl.github.io/files/context.pdf#page=126
Q1076611,lim inf,https://emilyriehl.github.io/files/context.pdf#page=131
Q1076611,lim sup,https://emilyriehl.github.io/files/context.pdf#page=131
Q847204,limit of a sequence,https://emilyriehl.github.io/files/context.pdf#page=131
Q5449247,filtered category,https://emilyriehl.github.io/files/context.pdf#page=132
Q5449247,filtered colimit,https://emilyriehl.github.io/files/context.pdf#page=132
Q1292333,free vector space,https://emilyriehl.github.io/files/context.pdf#page=135
Q30701870,formal sum,https://emilyriehl.github.io/files/context.pdf#page=135
Q357858,adjunction,https://emilyriehl.github.io/files/context.pdf#page=136
Q357858,adjoint functor,https://emilyriehl.github.io/files/context.pdf#page=136
Q357823,adjunct,https://emilyriehl.github.io/files/context.pdf#page=136
Q223683,transpose,https://emilyriehl.github.io/files/context.pdf#page=136
Q860623,inverse image,https://emilyriehl.github.io/files/context.pdf#page=138
Q5280340,direct image,https://emilyriehl.github.io/files/context.pdf#page=138
Q3606768,propositional function,https://emilyriehl.github.io/files/context.pdf#page=138
Q773483,existential quantification,https://emilyriehl.github.io/files/context.pdf#page=138
Q126695,universal quantification,https://emilyriehl.github.io/files/context.pdf#page=138
Q5500266,free monoid,https://emilyriehl.github.io/files/context.pdf#page=139
Q1292333,free module,https://emilyriehl.github.io/files/context.pdf#page=139
Q1128678,group completion,https://emilyriehl.github.io/files/context.pdf#page=139
Q16858946,restriction of scalars,https://emilyriehl.github.io/files/context.pdf#page=140
Q16858946,extension of scalars,https://emilyriehl.github.io/files/context.pdf#page=140
Q1630568,monadic adjunction,https://emilyriehl.github.io/files/context.pdf#page=140
Q48998319,Frobenius reciprocity,https://emilyriehl.github.io/files/context.pdf#page=140
Q5500202,free category,https://emilyriehl.github.io/files/context.pdf#page=140
Q147978,Zariski topology,https://emilyriehl.github.io/files/context.pdf#page=147
Q1068976,Hilbert's Nullstellensatz,https://emilyriehl.github.io/files/context.pdf#page=147
Q748349,structure,https://emilyriehl.github.io/files/context.pdf#page=147
Q1725874,cartesian closed category,https://emilyriehl.github.io/files/context.pdf#page=149
Q934367,function space,https://emilyriehl.github.io/files/context.pdf#page=150
Q11475,free space,https://emilyriehl.github.io/files/context.pdf#page=151
Q2295009,smash product,https://emilyriehl.github.io/files/context.pdf#page=151
Q2066070,loop space,https://emilyriehl.github.io/files/context.pdf#page=151
Q1307987,reduced suspension,https://emilyriehl.github.io/files/context.pdf#page=151
Q163875,cardinal arithmetic,https://emilyriehl.github.io/files/context.pdf#page=158
Q318737,abelian category,https://emilyriehl.github.io/files/context.pdf#page=159
Q381725,left exact functor,https://emilyriehl.github.io/files/context.pdf#page=159
Q381725,right exact functor,https://emilyriehl.github.io/files/context.pdf#page=159
Q2920416,kernel,https://emilyriehl.github.io/files/context.pdf#page=159
Q6101219,reflective subcategory,https://emilyriehl.github.io/files/context.pdf#page=160
Q251307,localization,https://emilyriehl.github.io/files/context.pdf#page=160
Q2099981,additive functor,https://emilyriehl.github.io/files/context.pdf#page=160
Q522216,abelianization,https://emilyriehl.github.io/files/context.pdf#page=161
Q595298,sheaf,https://emilyriehl.github.io/files/context.pdf#page=161
Q5572389,sheafification,https://emilyriehl.github.io/files/context.pdf#page=161
Q17099363,nerve of a category,https://emilyriehl.github.io/files/context.pdf#page=162
Q357858,adjoint functor theorem,https://emilyriehl.github.io/files/context.pdf#page=164
Q1751685,solution set,https://emilyriehl.github.io/files/context.pdf#page=165
Q17141489,intersection,https://emilyriehl.github.io/files/context.pdf#page=168
Q4672496,locally presentable category,https://emilyriehl.github.io/files/context.pdf#page=170
Q4672496,accessible functor,https://emilyriehl.github.io/files/context.pdf#page=170
Q1193137,regular cardinal,https://emilyriehl.github.io/files/context.pdf#page=170
Q1630568,comonad,https://emilyriehl.github.io/files/context.pdf#page=173
Q1630568,monad,https://emilyriehl.github.io/files/context.pdf#page=174
Q1945014,monoidal category,https://emilyriehl.github.io/files/context.pdf#page=174
Q34010,Haskell,https://emilyriehl.github.io/files/context.pdf#page=174
Q1579914,maybe monad,https://emilyriehl.github.io/files/context.pdf#page=175
Q27948,list monad,https://emilyriehl.github.io/files/context.pdf#page=176
Q106671513,ultrafilter monad,https://emilyriehl.github.io/files/context.pdf#page=176
Q106671513,ultrafilter,https://emilyriehl.github.io/files/context.pdf#page=176
Q355020,probability measure,https://emilyriehl.github.io/files/context.pdf#page=177
Q127915480,Giry monad,https://emilyriehl.github.io/files/context.pdf#page=177
Q3058218,measurable space,https://emilyriehl.github.io/files/context.pdf#page=177
Q516776,measurable function,https://emilyriehl.github.io/files/context.pdf#page=177
Q10564851,closure operator,https://emilyriehl.github.io/files/context.pdf#page=178
Q10564851,kernel operator,https://emilyriehl.github.io/files/context.pdf#page=178
Q4720939,closure,https://emilyriehl.github.io/files/context.pdf#page=178
Q862761,interior,https://emilyriehl.github.io/files/context.pdf#page=178
Q5051859,category of algebras,https://emilyriehl.github.io/files/context.pdf#page=180
Q1000660,algebra homomorphism,https://emilyriehl.github.io/files/context.pdf#page=180
Q1000660,homomorphism of algebras,https://emilyriehl.github.io/files/context.pdf#page=180
Q3054915,pointed set,https://emilyriehl.github.io/files/context.pdf#page=180
Q5500180,free algebra,https://emilyriehl.github.io/files/context.pdf#page=182
Q3062935,coalgebra,https://emilyriehl.github.io/files/context.pdf#page=182
Q1773982,Kleisli category,https://emilyriehl.github.io/files/context.pdf#page=183
Q6771323,Markov kernel,https://emilyriehl.github.io/files/context.pdf#page=183
Q176645,Markov chain,https://emilyriehl.github.io/files/context.pdf#page=183
Q1630568,monadic functor,https://emilyriehl.github.io/files/context.pdf#page=187
Q915906,group presentation,https://emilyriehl.github.io/files/context.pdf#page=189
Q5140810,split coequalizer,https://emilyriehl.github.io/files/context.pdf#page=190
Q2754968,lattice,https://emilyriehl.github.io/files/context.pdf#page=194
Q2143621,elementary topos,https://emilyriehl.github.io/files/context.pdf#page=197
Q1630568,triple,https://emilyriehl.github.io/files/context.pdf#page=197
Q6505076,Lawvere theory,https://emilyriehl.github.io/files/context.pdf#page=200
Q23808682,conservative functor,https://emilyriehl.github.io/files/context.pdf#page=200
Q1454165,free product,https://emilyriehl.github.io/files/context.pdf#page=203
Q1723418,Kan extension,https://emilyriehl.github.io/files/context.pdf#page=210
Q3427423,induced representation,https://emilyriehl.github.io/files/context.pdf#page=212
Q1137726,directed graph,https://emilyriehl.github.io/files/context.pdf#page=219
Q20878207,weak equivalence,https://emilyriehl.github.io/files/context.pdf#page=225
Q14775269,homotopy category,https://emilyriehl.github.io/files/context.pdf#page=225
Q25036778,chain homotopy equivalence,https://emilyriehl.github.io/files/context.pdf#page=226
Q3413378,quasi-isomorphism,https://emilyriehl.github.io/files/context.pdf#page=226
Q746083,homotopy equivalence,https://emilyriehl.github.io/files/context.pdf#page=226
Q20878207,weak homotopy equivalence,https://emilyriehl.github.io/files/context.pdf#page=226
Q320245,total derived functor,https://emilyriehl.github.io/files/context.pdf#page=226
Q320245,derived functor,https://emilyriehl.github.io/files/context.pdf#page=226
Q5251702,deformation,https://emilyriehl.github.io/files/context.pdf#page=227
Q48996306,density theorem,https://emilyriehl.github.io/files/context.pdf#page=232
Q97359844,codensity monad,https://emilyriehl.github.io/files/context.pdf#page=234
Q115221345,geometric realization,https://emilyriehl.github.io/files/context.pdf#page=235
Q5141339,coherence,https://emilyriehl.github.io/files/context.pdf#page=239
Q17103860,symmetric monoidal category,https://emilyriehl.github.io/files/context.pdf#page=239
Q1945014,unit object,https://emilyriehl.github.io/files/context.pdf#page=239
Q1987578,unit interval,https://emilyriehl.github.io/files/context.pdf#page=240
Q2143621,Grothendieck topos,https://emilyriehl.github.io/files/context.pdf#page=242
Q5379515,enriched category,https://emilyriehl.github.io/files/context.pdf#page=243
Q860530,image,https://emilyriehl.github.io/files/context.pdf#page=243
Q381725,exact functor,https://emilyriehl.github.io/files/context.pdf#page=243
