Wikidata ID,Mathlib,Mathlib link
Q719395,category,https://leanprover-community.github.io/mathlib4_docs/Mathlib/CategoryTheory/Category/Basic.html#CategoryTheory.Category
Q719395,small category,https://leanprover-community.github.io/mathlib4_docs/Mathlib/CategoryTheory/Category/Basic.html#CategoryTheory.SmallCategory
Q864475,functor,https://leanprover-community.github.io/mathlib4_docs/Mathlib/CategoryTheory/Functor/Basic.html#CategoryTheory.Functor
Q1442189,natural transformation,https://leanprover-community.github.io/mathlib4_docs/Mathlib/CategoryTheory/NatTrans.html#CategoryTheory.NatTrans
Q320577,Yoneda embedding,https://leanprover-community.github.io/mathlib4_docs/Mathlib/CategoryTheory/Yoneda.html#CategoryTheory.yoneda
Q357858,adjunction,https://leanprover-community.github.io/mathlib4_docs/Mathlib/CategoryTheory/Adjunction/Basic.html#CategoryTheory.Adjunction
Q1630568,monad,https://leanprover-community.github.io/mathlib4_docs/Mathlib/CategoryTheory/Monad/Basic.html#CategoryTheory.Monad
Q1780005,comma category,https://leanprover-community.github.io/mathlib4_docs/Mathlib/CategoryTheory/Comma/Basic.html#CategoryTheory.Comma
Q246639,limits,https://leanprover-community.github.io/mathlib4_docs/Mathlib/CategoryTheory/Limits/IsLimit.html#CategoryTheory.Limits.IsLimit
Q1945014,monoidal category,https://leanprover-community.github.io/mathlib4_docs/Mathlib/CategoryTheory/Monoidal/Category.html#CategoryTheory.MonoidalCategory
Q1725874,cartesian closed,https://leanprover-community.github.io/mathlib4_docs/Mathlib/CategoryTheory/Closed/Cartesian.html#CategoryTheory.CartesianClosed
Q318737,abelian category,https://leanprover-community.github.io/mathlib4_docs/Mathlib/CategoryTheory/Abelian/Basic.html#CategoryTheory.Abelian
Q21199,natural number,https://leanprover-community.github.io/mathlib4_docs/Init/Prelude.html#Nat
Q12503,integer,https://leanprover-community.github.io/mathlib4_docs/Init/Data/Int/Basic.html#Int
Q1244890,rational number,https://leanprover-community.github.io/mathlib4_docs/Batteries/Data/Rat/Basic.html#Rat
Q4115724,continued fraction,https://leanprover-community.github.io/mathlib4_docs/Mathlib/Algebra/ContinuedFractions/Basic.html#ContFract
Q12916,real number,https://leanprover-community.github.io/mathlib4_docs/Mathlib/Data/Real/Basic.html#Real
Q2039387,extended real number,https://leanprover-community.github.io/mathlib4_docs/Mathlib/Data/EReal/Basic.html#EReal
Q11567,complex number,https://leanprover-community.github.io/mathlib4_docs/Mathlib/Data/Complex/Basic.html#Complex
Q311627,$p$-adic number,https://leanprover-community.github.io/mathlib4_docs/Mathlib/NumberTheory/Padics/PadicNumbers.html#Padic
Q311627,$p$-adic integer,https://leanprover-community.github.io/mathlib4_docs/Mathlib/NumberTheory/Padics/PadicIntegers.html#PadicInt
Q83478,group,https://leanprover-community.github.io/mathlib4_docs/Mathlib/Algebra/Group/Defs.html#Group
Q868169,group morphism,https://leanprover-community.github.io/mathlib4_docs/Mathlib/Algebra/Group/Hom/Defs.html#MonoidHom
Q288465,group action,https://leanprover-community.github.io/mathlib4_docs/Mathlib/Algebra/Group/Action/Defs.html#MulAction
Q1330377,Burnside lemma,https://leanprover-community.github.io/mathlib4_docs/Mathlib/GroupTheory/GroupAction/Quotient.html#MulAction.sum_card_fixedBy_eq_card_orbits_mul_card_group
Q466109,subgroup,https://leanprover-community.github.io/mathlib4_docs/Mathlib/Algebra/Group/Subgroup/Defs.html#Subgroup
Q1138961,quotient group,https://leanprover-community.github.io/mathlib4_docs/Mathlib/GroupTheory/QuotientGroup/Defs.html#QuotientGroup.Quotient.group
Q1065966,first isomorphism theorem,https://leanprover-community.github.io/mathlib4_docs/Mathlib/GroupTheory/QuotientGroup/Basic.html#QuotientGroup.quotientKerEquivRange
Q1065966,second isomorphism theorem,https://leanprover-community.github.io/mathlib4_docs/Mathlib/GroupTheory/QuotientGroup/Basic.html#QuotientGroup.quotientInfEquivProdNormalQuotient
Q1065966,third isomorphism theorem,https://leanprover-community.github.io/mathlib4_docs/Mathlib/GroupTheory/QuotientGroup/Basic.html#QuotientGroup.quotientQuotientEquivQuotient
Q522216,abelianization,https://leanprover-community.github.io/mathlib4_docs/Mathlib/GroupTheory/Abelianization/Defs.html#Abelianization
Q431078,free group,https://leanprover-community.github.io/mathlib4_docs/Mathlib/GroupTheory/FreeGroup/Basic.html#FreeGroup
Q3229345,Schreier's lemma,https://leanprover-community.github.io/mathlib4_docs/Mathlib/GroupTheory/Schreier.html#Subgroup.closure_mul_image_eq
Q245462,cyclic group,https://leanprover-community.github.io/mathlib4_docs/Mathlib/Algebra/Group/Defs.html#IsCyclic
Q1755242,nilpotent group,https://leanprover-community.github.io/mathlib4_docs/Mathlib/GroupTheory/Nilpotent.html#Group.IsNilpotent
Q161172,ring,https://leanprover-community.github.io/mathlib4_docs/Mathlib/Algebra/Ring/Defs.html#Ring
Q1194212,ring morphism,https://leanprover-community.github.io/mathlib4_docs/Mathlib/Algebra/Ring/Hom/Defs.html#RingHom
Q929536,subring,https://leanprover-community.github.io/mathlib4_docs/Mathlib/Algebra/Ring/Subring/Defs.html#Subring
Q251307,localization,https://leanprover-community.github.io/mathlib4_docs/Mathlib/GroupTheory/MonoidLocalization/Basic.html#Localization
Q1142704,local ring,https://leanprover-community.github.io/mathlib4_docs/Mathlib/RingTheory/LocalRing/Defs.html#IsLocalRing
Q582271,Noetherian ring,https://leanprover-community.github.io/mathlib4_docs/Mathlib/RingTheory/Noetherian/Defs.html#IsNoetherianRing
Q3782642,ordered ring,https://leanprover-community.github.io/mathlib4_docs/Mathlib/Algebra/Order/Ring/Defs.html#OrderedRing
Q619436,quotient ring,https://leanprover-community.github.io/mathlib4_docs/Mathlib/RingTheory/Ideal/Quotient/Defs.html#Ideal.Quotient.ring
Q1656686,prime ideal,https://leanprover-community.github.io/mathlib4_docs/Mathlib/RingTheory/Ideal/Prime.html#Ideal.IsPrime
Q1203540,maximal ideal,https://leanprover-community.github.io/mathlib4_docs/Mathlib/RingTheory/Ideal/Maximal.html#Ideal.IsMaximal
Q193878,Chinese remainder theorem,https://leanprover-community.github.io/mathlib4_docs/Mathlib/RingTheory/Ideal/Quotient/Operations.html#Ideal.quotientInfRingEquivPiQuotient
Q1497184,fractional ideal,https://leanprover-community.github.io/mathlib4_docs/Mathlib/RingTheory/FractionalIdeal/Basic.html#FractionalIdeal
Q2989575,irreducible element,https://leanprover-community.github.io/mathlib4_docs/Mathlib/Algebra/Group/Irreducible/Defs.html#Irreducible
Q1052579,unique factorisation domain,https://leanprover-community.github.io/mathlib4_docs/Mathlib/RingTheory/UniqueFactorizationDomain/Defs.html#UniqueFactorizationMonoid
Q131752,greatest common divisor,https://leanprover-community.github.io/mathlib4_docs/Mathlib/Algebra/GCDMonoid/Basic.html#GCDMonoid.gcd
Q102761,least common multiple,https://leanprover-community.github.io/mathlib4_docs/Mathlib/Algebra/GCDMonoid/Basic.html#GCDMonoid.lcm
Q1143969,principal ideal domain,https://leanprover-community.github.io/mathlib4_docs/Mathlib/LinearAlgebra/Span/Defs.html#Submodule.IsPrincipal
Q867345,Euclidean domain,https://leanprover-community.github.io/mathlib4_docs/Mathlib/Algebra/EuclideanDomain/Defs.html#EuclideanDomain
Q1138992,Lucas-Lehmer primality test,https://leanprover-community.github.io/mathlib4_docs/Mathlib/NumberTheory/LucasLehmer.html#lucas_lehmer_sufficiency
Q214604,roots of a polynomial,https://leanprover-community.github.io/mathlib4_docs/Mathlib/Algebra/Polynomial/Roots.html#Polynomial.roots
Q2228257,multiplicity,https://leanprover-community.github.io/mathlib4_docs/Mathlib/Algebra/Polynomial/Div.html#Polynomial.rootMultiplicity
Q2530089,separable polynomial,https://leanprover-community.github.io/mathlib4_docs/Mathlib/FieldTheory/Separable.html#Polynomial.Separable
Q656645,Hilbert basis theorem,https://leanprover-community.github.io/mathlib4_docs/Mathlib/RingTheory/Polynomial/Basic.html#Polynomial.isNoetherianRing
Q1476663,irreducible polynomial,https://leanprover-community.github.io/mathlib4_docs/Mathlib/Algebra/Group/Irreducible/Defs.html#Irreducible
Q1057416,Eisenstein's criterion,https://leanprover-community.github.io/mathlib4_docs/Mathlib/RingTheory/Polynomial/Eisenstein/Criterion.html#Polynomial.irreducible_of_eisenstein_criterion
Q206925,power series,https://leanprover-community.github.io/mathlib4_docs/Mathlib/RingTheory/PowerSeries/Basic.html#PowerSeries
Q7700713,tensor product of algebras,https://leanprover-community.github.io/mathlib4_docs/Mathlib/RingTheory/TensorProduct/Basic.html#Algebra.TensorProduct.instAlgebra
Q664495,Lie algebra,https://leanprover-community.github.io/mathlib4_docs/Mathlib/Algebra/Lie/Basic.html#LieAlgebra
Q1196652,exterior algebra,https://leanprover-community.github.io/mathlib4_docs/Mathlib/LinearAlgebra/ExteriorAlgebra/Basic.html#ExteriorAlgebra
Q674689,Clifford algebra,https://leanprover-community.github.io/mathlib4_docs/Mathlib/LinearAlgebra/CliffordAlgebra/Basic.html#CliffordAlgebra
Q190109,field,https://leanprover-community.github.io/mathlib4_docs/Mathlib/Algebra/Field/Defs.html#Field
Q836088,characteristic of a ring,https://leanprover-community.github.io/mathlib4_docs/Mathlib/Algebra/CharP/Defs.html#ringChar
Q836088,characteristic zero,https://leanprover-community.github.io/mathlib4_docs/Mathlib/Algebra/CharZero/Defs.html#CharZero
Q836088,characteristic p,https://leanprover-community.github.io/mathlib4_docs/Mathlib/Algebra/CharP/Defs.html#CharP
Q769124,Frobenius morphism,https://leanprover-community.github.io/mathlib4_docs/Mathlib/Algebra/CharP/Lemmas.html#frobenius
Q1047547,algebraically closed field,https://leanprover-community.github.io/mathlib4_docs/Mathlib/FieldTheory/IsAlgClosed/Basic.html#IsAlgClosed
Q550791,algebraic extension,https://leanprover-community.github.io/mathlib4_docs/Mathlib/RingTheory/Algebraic/Defs.html#Algebra.IsAlgebraic
Q2997763,rupture field,https://leanprover-community.github.io/mathlib4_docs/Mathlib/RingTheory/AdjoinRoot.html#AdjoinRoot
Q1996100,splitting field,https://leanprover-community.github.io/mathlib4_docs/Mathlib/FieldTheory/SplittingField/Construction.html#Polynomial.SplittingField
Q2997817,perfect closure,https://leanprover-community.github.io/mathlib4_docs/Mathlib/FieldTheory/PerfectClosure.html#PerfectClosure
Q1491747,Galois correspondence,https://leanprover-community.github.io/mathlib4_docs/Mathlib/FieldTheory/Galois/Basic.html#IsGalois.intermediateFieldEquivSubgroup
Q1143328,chain complex,https://leanprover-community.github.io/mathlib4_docs/Mathlib/Algebra/Homology/HomologicalComplex.html#ChainComplex
Q25303848,sum of two squares,https://leanprover-community.github.io/mathlib4_docs/Mathlib/NumberTheory/SumTwoSquares.html#Nat.Prime.sq_add_sq
Q756946,sum of four squares,https://leanprover-community.github.io/mathlib4_docs/Mathlib/NumberTheory/SumFourSquares.html#Nat.sum_four_squares
Q472883,quadratic reciprocity,https://leanprover-community.github.io/mathlib4_docs/Mathlib/NumberTheory/LegendreSymbol/QuadraticReciprocity.html#legendreSym.quadratic_reciprocity
Q140744,arithmetic functions,https://leanprover-community.github.io/mathlib4_docs/Mathlib/NumberTheory/ArithmeticFunction.html#ArithmeticFunction
Q694114,Bernoulli numbers,https://leanprover-community.github.io/mathlib4_docs/Mathlib/NumberTheory/Bernoulli.html#bernoulli
Q720469,Chevalley-Warning theorem,https://leanprover-community.github.io/mathlib4_docs/Mathlib/FieldTheory/ChevalleyWarning.html#char_dvd_card_solutions
Q1227702,Dirichlet unit theorem,https://leanprover-community.github.io/mathlib4_docs/Mathlib/NumberTheory/NumberField/Units/DirichletTheorem.html#NumberField.Units.exist_unique_eq_mul_prod
Q3291120,Dirichlet class number formula,https://leanprover-community.github.io/mathlib4_docs/Mathlib/NumberTheory/NumberField/DedekindZeta.html#NumberField.tendsto_sub_one_mul_dedekindZeta_nhdsGT
Q2905654,representation,https://leanprover-community.github.io/mathlib4_docs/Mathlib/RepresentationTheory/Basic.html#Representation
Q1062934,character,https://leanprover-community.github.io/mathlib4_docs/Mathlib/RepresentationTheory/Character.html#FDRep.character
Q18848,module,https://leanprover-community.github.io/mathlib4_docs/Mathlib/Algebra/Module/Defs.html#Module
Q207643,linear map,https://leanprover-community.github.io/mathlib4_docs/Mathlib/Algebra/Module/LinearMap/Defs.html#LinearMap
Q125977,vector space,https://leanprover-community.github.io/mathlib4_docs/Mathlib/Algebra/Module/Defs.html#Module
Q1393796,quotient space,https://leanprover-community.github.io/mathlib4_docs/Mathlib/LinearAlgebra/Quotient/Defs.html#Submodule.hasQuotient
Q1163016,tensor product,https://leanprover-community.github.io/mathlib4_docs/Mathlib/LinearAlgebra/TensorProduct/Basic.html#TensorProduct
Q2444982,Noetherian module,https://leanprover-community.github.io/mathlib4_docs/Mathlib/RingTheory/Noetherian/Defs.html#IsNoetherian
Q189569,basis,https://leanprover-community.github.io/mathlib4_docs/Mathlib/LinearAlgebra/Basis/Defs.html#Module.Basis
Q1952404,multilinear map,https://leanprover-community.github.io/mathlib4_docs/Mathlib/LinearAlgebra/Multilinear/Basic.html#MultilinearMap
Q4736615,alternating map,https://leanprover-community.github.io/mathlib4_docs/Mathlib/LinearAlgebra/Alternating/Basic.html#AlternatingMap
Q524607,general linear group,https://leanprover-community.github.io/mathlib4_docs/Mathlib/LinearAlgebra/GeneralLinearGroup.html#LinearMap.GeneralLinearGroup
Q752487,dual vector space,https://leanprover-community.github.io/mathlib4_docs/Mathlib/LinearAlgebra/Dual/Defs.html#Module.Dual
Q2297777,dual basis,https://leanprover-community.github.io/mathlib4_docs/Mathlib/LinearAlgebra/Dual/Basis.html#Module.Basis.dualBasis
Q7625162,structure theorem,https://leanprover-community.github.io/mathlib4_docs/Mathlib/Algebra/Module/PID.html#Module.equiv_free_prod_directSum
Q178546,determinant,https://leanprover-community.github.io/mathlib4_docs/Mathlib/LinearAlgebra/Matrix/Determinant/Basic.html#Matrix.det
Q242188,invertibility,https://leanprover-community.github.io/mathlib4_docs/Mathlib/LinearAlgebra/Matrix/NonsingularInverse.html#Matrix.inv
Q1163608,minimal polynomial,https://leanprover-community.github.io/mathlib4_docs/Mathlib/FieldTheory/Minpoly/Basic.html#minpoly
Q849705,characteristic polynomial,https://leanprover-community.github.io/mathlib4_docs/Mathlib/LinearAlgebra/Matrix/Charpoly/Basic.html#Matrix.charpoly
Q656772,Cayley-Hamilton theorem,https://leanprover-community.github.io/mathlib4_docs/Mathlib/LinearAlgebra/Matrix/Charpoly/Basic.html#Matrix.aeval_self_charpoly
Q190524,eigenvalue,https://leanprover-community.github.io/mathlib4_docs/Mathlib/LinearAlgebra/Eigenspace/Basic.html#Module.End.HasEigenvalue
Q190524,eigenvector,https://leanprover-community.github.io/mathlib4_docs/Mathlib/LinearAlgebra/Eigenspace/Basic.html#Module.End.HasEigenvector
Q837924,bilinear form,https://leanprover-community.github.io/mathlib4_docs/Mathlib/LinearAlgebra/BilinearMap.html#LinearMap.BilinForm
Q837924,alternating bilinear form,https://leanprover-community.github.io/mathlib4_docs/Mathlib/LinearAlgebra/BilinearForm/Properties.html#LinearMap.BilinForm.IsAlt
Q2100018,symmetric bilinear form,https://leanprover-community.github.io/mathlib4_docs/Mathlib/LinearAlgebra/BilinearForm/Properties.html#LinearMap.BilinForm.IsSymm
Q6787889,matrix representation,https://leanprover-community.github.io/mathlib4_docs/Mathlib/LinearAlgebra/Matrix/BilinearForm.html#BilinForm.toMatrix
Q736753,quadratic form,https://leanprover-community.github.io/mathlib4_docs/Mathlib/LinearAlgebra/QuadraticForm/Basic.html#QuadraticForm
Q1052692,filter,https://leanprover-community.github.io/mathlib4_docs/Mathlib/Order/Filter/Defs.html#Filter
Q179899,topological space,https://leanprover-community.github.io/mathlib4_docs/Mathlib/Topology/Defs/Basic.html#TopologicalSpace
Q170058,continuous function,https://leanprover-community.github.io/mathlib4_docs/Mathlib/Topology/Defs/Basic.html#Continuous
Q660730,induced topology,https://leanprover-community.github.io/mathlib4_docs/Mathlib/Topology/Defs/Induced.html#TopologicalSpace.induced
Q2632649,open map,https://leanprover-community.github.io/mathlib4_docs/Mathlib/Topology/Defs/Basic.html#IsOpenMap
Q2632649,closed map,https://leanprover-community.github.io/mathlib4_docs/Mathlib/Topology/Defs/Basic.html#IsClosedMap
Q4720939,closure,https://leanprover-community.github.io/mathlib4_docs/Mathlib/Topology/Defs/Basic.html#closure
Q858223,cluster point,https://leanprover-community.github.io/mathlib4_docs/Mathlib/Topology/Defs/Filter.html#ClusterPt
Q326908,Hausdorff space,https://leanprover-community.github.io/mathlib4_docs/Mathlib/Topology/Separation/Hausdorff.html#T2Space
Q2740469,sequential space,https://leanprover-community.github.io/mathlib4_docs/Mathlib/Topology/Defs/Sequences.html#SequentialSpace
Q1193403,extension by continuity,https://leanprover-community.github.io/mathlib4_docs/Mathlib/Topology/DenseEmbedding.html#IsDenseInducing.extend
Q1491995,connectedness,https://leanprover-community.github.io/mathlib4_docs/Mathlib/Topology/Connected/Basic.html#ConnectedSpace
Q1669863,compact open topology,https://leanprover-community.github.io/mathlib4_docs/Mathlib/Topology/CompactOpen.html#ContinuousMap.compactOpen
Q2033899,Stone-Cech compactification,https://leanprover-community.github.io/mathlib4_docs/Mathlib/Topology/Compactification/StoneCech.html#StoneCech
Q1816967,Urysohn's lemma,https://leanprover-community.github.io/mathlib4_docs/Mathlib/Topology/UrysohnsLemma.html#exists_continuous_zero_one_of_isClosed
Q939927,Stone-Weierstrass theorem,https://leanprover-community.github.io/mathlib4_docs/Mathlib/Topology/ContinuousMap/StoneWeierstrass.html#ContinuousMap.subalgebra_topologicalClosure_eq_top_of_separatesPoints
Q652446,uniform space,https://leanprover-community.github.io/mathlib4_docs/Mathlib/Topology/UniformSpace/Defs.html#UniformSpace
Q741865,uniformly continuous function,https://leanprover-community.github.io/mathlib4_docs/Mathlib/Topology/MetricSpace/Pseudo/Defs.html#Metric.uniformContinuous_iff
Q1411887,uniform convergence,https://leanprover-community.github.io/mathlib4_docs/Mathlib/Topology/UniformSpace/UniformConvergence.html#TendstoUniformly
Q652446,Cauchy filter,https://leanprover-community.github.io/mathlib4_docs/Mathlib/Topology/UniformSpace/Cauchy.html#Cauchy
Q217847,Cauchy sequence,https://leanprover-community.github.io/mathlib4_docs/Mathlib/Topology/UniformSpace/Cauchy.html#CauchySeq
Q848569,completeness,https://leanprover-community.github.io/mathlib4_docs/Mathlib/Topology/UniformSpace/Cauchy.html#CompleteSpace
Q848569,completion,https://leanprover-community.github.io/mathlib4_docs/Mathlib/Topology/UniformSpace/Completion.html#UniformSpace.Completion
Q765987,Heine-Cantor theorem,https://leanprover-community.github.io/mathlib4_docs/Mathlib/Topology/UniformSpace/HeineCantor.html#CompactSpace.uniformContinuous_of_continuous
Q1321469,order topology,https://leanprover-community.github.io/mathlib4_docs/Mathlib/Topology/Order/Basic.html#OrderTopology
Q245098,intermediate value theorem,https://leanprover-community.github.io/mathlib4_docs/Mathlib/Topology/Order/IntermediateValue.html#intermediate_value_Icc
Q752375,extreme value theorem,https://leanprover-community.github.io/mathlib4_docs/Mathlib/Topology/Order/Compact.html#IsCompact.exists_isMinOn
Q1046291,topological group,https://leanprover-community.github.io/mathlib4_docs/Mathlib/Topology/Algebra/Group/Defs.html#IsTopologicalGroup
Q170198,infinite sum,https://leanprover-community.github.io/mathlib4_docs/Mathlib/Topology/Algebra/InfiniteSum/Defs.html#HasSum
Q922339,topological ring,https://leanprover-community.github.io/mathlib4_docs/Mathlib/Topology/Algebra/Ring/Basic.html#IsTopologicalRing
Q7825039,topological module,https://leanprover-community.github.io/mathlib4_docs/Mathlib/Topology/Algebra/MulAction.html#ContinuousSMul
Q1091024,continuous linear map,https://leanprover-community.github.io/mathlib4_docs/Mathlib/Topology/Algebra/Module/LinearMap.html#ContinuousLinearMap
Q180953,metric space,https://leanprover-community.github.io/mathlib4_docs/Mathlib/Topology/MetricSpace/Defs.html#MetricSpace
Q838611,ball,https://leanprover-community.github.io/mathlib4_docs/Mathlib/Topology/MetricSpace/Pseudo/Defs.html#Metric.ball
Q652707,Lipschitz continuity,https://leanprover-community.github.io/mathlib4_docs/Mathlib/Topology/EMetricSpace/Lipschitz.html#LipschitzWith
Q91259930,Hölder continuity,https://leanprover-community.github.io/mathlib4_docs/Mathlib/Topology/MetricSpace/Holder.html#HolderWith
Q220680,contraction mapping theorem,https://leanprover-community.github.io/mathlib4_docs/Mathlib/Topology/MetricSpace/Contracting.html#ContractingWith.exists_fixedPoint
Q1052678,Baire theorem,https://leanprover-community.github.io/mathlib4_docs/Mathlib/Topology/Baire/Lemmas.html#dense_iInter_of_isOpen
Q1477053,Arzela-Ascoli theorem,https://leanprover-community.github.io/mathlib4_docs/Mathlib/Topology/ContinuousMap/Bounded/ArzelaAscoli.html#BoundedContinuousFunction.arzela_ascoli
Q1501997,Hausdorff distance,https://leanprover-community.github.io/mathlib4_docs/Mathlib/Topology/MetricSpace/HausdorffDistance.html#EMetric.hausdorffEdist
Q96373820,Bornology,https://leanprover-community.github.io/mathlib4_docs/Mathlib/Topology/Bornology/Basic.html#Bornology
Q1426292,Banach-Steinhaus theorem,https://leanprover-community.github.io/mathlib4_docs/Mathlib/Analysis/Normed/Operator/BanachSteinhaus.html#banach_steinhaus
Q866116,Hahn-Banach theorem,https://leanprover-community.github.io/mathlib4_docs/Mathlib/Analysis/NormedSpace/HahnBanach/Extension.html#exists_extension_norm_eq
Q190546,Cauchy-Schwarz inequality,https://leanprover-community.github.io/mathlib4_docs/Mathlib/Analysis/InnerProductSpace/Basic.html#inner_mul_inner_self_le
Q1509647,adjoint operator,https://leanprover-community.github.io/mathlib4_docs/Mathlib/Analysis/InnerProductSpace/LinearPMap.html#LinearPMap.adjoint
Q6500908,self-adjoint operator,https://leanprover-community.github.io/mathlib4_docs/Mathlib/Algebra/Star/SelfAdjoint.html#IsSelfAdjoint
Q519967,orthogonal projection,https://leanprover-community.github.io/mathlib4_docs/Mathlib/Analysis/InnerProductSpace/Projection/Basic.html#Submodule.orthogonalProjection
Q426221,reflection,https://leanprover-community.github.io/mathlib4_docs/Mathlib/Analysis/InnerProductSpace/Projection/Reflection.html#Submodule.reflection
Q1780921,orthogonal complement,https://leanprover-community.github.io/mathlib4_docs/Mathlib/Analysis/InnerProductSpace/Orthogonal.html#Submodule.orthogonal
Q9993851,Lax-Milgram theorem,https://leanprover-community.github.io/mathlib4_docs/Mathlib/Analysis/InnerProductSpace/LaxMilgram.html#IsCoercive.continuousLinearEquivOfBilin
Q193286,Rolle's theorem,https://leanprover-community.github.io/mathlib4_docs/Mathlib/Analysis/Calculus/LocalExtr/Rolle.html#exists_deriv_eq_zero
Q189136,mean value theorem,https://leanprover-community.github.io/mathlib4_docs/Mathlib/Analysis/Calculus/Deriv/MeanValue.html#exists_ratio_deriv_eq_ratio_slope
Q1137206,Taylor's theorem,https://leanprover-community.github.io/mathlib4_docs/analysis/calculus/taylor.html
Q868473,$C^k$ function,https://leanprover-community.github.io/mathlib4_docs/Mathlib/Analysis/Calculus/ContDiff/Defs.html#ContDiff
Q394747,Leibniz formula,https://leanprover-community.github.io/mathlib4_docs/Mathlib/Analysis/Calculus/FDeriv/Mul.html#fderiv_mul
Q845060,local extrema,https://leanprover-community.github.io/mathlib4_docs/Mathlib/Analysis/Calculus/LocalExtr/Basic.html#IsLocalMin.fderiv_eq_zero
Q931001,inverse function theorem,https://leanprover-community.github.io/mathlib4_docs/Mathlib/Analysis/Calculus/InverseFunctionTheorem/FDeriv.html#HasStrictFDerivAt.to_localInverse
Q848375,implicit function theorem,https://leanprover-community.github.io/mathlib4_docs/Mathlib/Analysis/Calculus/Implicit.html#ImplicitFunctionData.implicitFunction
Q215084,analytic function,https://leanprover-community.github.io/mathlib4_docs/Mathlib/Analysis/Analytic/Basic.html#AnalyticAt
Q319913,convex function,https://leanprover-community.github.io/mathlib4_docs/Mathlib/Analysis/Convex/Function.html#ConvexOn
Q1219655,Carathéodory's theorem,https://leanprover-community.github.io/mathlib4_docs/Mathlib/Analysis/Convex/Caratheodory.html#convexHull_eq_union
Q11197,logarithm,https://leanprover-community.github.io/mathlib4_docs/Mathlib/Analysis/SpecialFunctions/Log/Basic.html#Real.log
Q4391173,exponential,https://leanprover-community.github.io/mathlib4_docs/Mathlib/Analysis/Complex/Exponential.html#Real.exp
Q93344,trigonometric functions,https://leanprover-community.github.io/mathlib4_docs/Mathlib/Analysis/Complex/Trigonometric.html#Real.sin
Q674533,inverse trigonometric functions,https://leanprover-community.github.io/mathlib4_docs/Mathlib/Analysis/SpecialFunctions/Trigonometric/Inverse.html#Real.arcsin
Q204034,hyperbolic trigonometric functions,https://leanprover-community.github.io/mathlib4_docs/Mathlib/Analysis/Complex/Trigonometric.html#Real.sinh
Q217357,sigma-algebra,https://leanprover-community.github.io/mathlib4_docs/Mathlib/MeasureTheory/MeasurableSpace/Defs.html#MeasurableSpace
Q516776,measurable function,https://leanprover-community.github.io/mathlib4_docs/Mathlib/MeasureTheory/MeasurableSpace/Defs.html#Measurable
Q21086747,Borel sigma-algebra,https://leanprover-community.github.io/mathlib4_docs/Mathlib/MeasureTheory/Constructions/BorelSpace/Basic.html#BorelSpace
Q192276,positive measure,https://leanprover-community.github.io/mathlib4_docs/Mathlib/MeasureTheory/Measure/MeasureSpaceDef.html#MeasureTheory.Measure
Q3799278,Stieltjes measure,https://leanprover-community.github.io/mathlib4_docs/Mathlib/MeasureTheory/Measure/Stieltjes.html#StieltjesFunction.measure
Q827230,Lebesgue measure,https://leanprover-community.github.io/mathlib4_docs/Mathlib/MeasureTheory/Measure/Haar/OfBasis.html#Real.measureSpace
Q1591095,Hausdorff measure,https://leanprover-community.github.io/mathlib4_docs/Mathlib/MeasureTheory/Measure/Hausdorff.html#MeasureTheory.Measure.hausdorffMeasure
Q565186,Hausdorff dimension,https://leanprover-community.github.io/mathlib4_docs/Mathlib/Topology/MetricSpace/HausdorffDimension.html#dimH
Q127915480,Giry monad,https://leanprover-community.github.io/mathlib4_docs/Mathlib/MeasureTheory/Measure/GiryMonad.html#MeasureTheory.Measure.instMeasurableSpace
Q1153584,monotone convergence theorem,https://leanprover-community.github.io/mathlib4_docs/Mathlib/MeasureTheory/Integral/Lebesgue/Sub.html#MeasureTheory.lintegral_iInf_ae
Q1068118,Fatou's lemma,https://leanprover-community.github.io/mathlib4_docs/Mathlib/MeasureTheory/Integral/Lebesgue/Add.html#MeasureTheory.lintegral_liminf_le
Q1530275,uniform integrability,https://leanprover-community.github.io/mathlib4_docs/Mathlib/MeasureTheory/Function/UniformIntegrable.html#MeasureTheory.UniformIntegrable
Q305936,$L^p$ space,https://leanprover-community.github.io/mathlib4_docs/Mathlib/MeasureTheory/Function/LpSpace/Basic.html#MeasureTheory.Lp
Q889019,Bochner integral,https://leanprover-community.github.io/mathlib4_docs/Mathlib/MeasureTheory/Integral/Bochner/Basic.html#MeasureTheory.integral
Q1067156,dominated convergence theorem,https://leanprover-community.github.io/mathlib4_docs/Mathlib/MeasureTheory/Integral/DominatedConvergence.html#MeasureTheory.tendsto_integral_of_dominated_convergence
Q1149022,Fubini's theorem,https://leanprover-community.github.io/mathlib4_docs/Mathlib/MeasureTheory/Integral/Prod.html#MeasureTheory.integral_prod
Q210857,convolution,https://leanprover-community.github.io/mathlib4_docs/Mathlib/Analysis/Convolution.html#MeasureTheory.convolution
Q1071270,change of variables formula,https://leanprover-community.github.io/mathlib4_docs/Mathlib/MeasureTheory/Function/Jacobian.html#MeasureTheory.integral_image_eq_integral_abs_det_fderiv_smul
Q338886,divergence theorem,https://leanprover-community.github.io/mathlib4_docs/Mathlib/MeasureTheory/Integral/DivergenceTheorem.html#MeasureTheory.integral_divergence_of_hasFDerivWithinAt_off_countable
Q913764,Cauchy integral formula,https://leanprover-community.github.io/mathlib4_docs/Mathlib/Analysis/Complex/CauchyIntegral.html#DiffContOnCl.circleIntegral_sub_inv_smul
Q530730,Liouville theorem,https://leanprover-community.github.io/mathlib4_docs/Mathlib/Analysis/Complex/Liouville.html#Differentiable.apply_eq_apply_of_bounded
Q1050230,maximum modulus principle,https://leanprover-community.github.io/mathlib4_docs/Mathlib/Analysis/Complex/AbsMax.html#Complex.eventually_eq_of_isLocalMax_norm
Q4751162,analyticity of holomorphic functions,https://leanprover-community.github.io/mathlib4_docs/Mathlib/Analysis/Complex/CauchyIntegral.html#DifferentiableOn.analyticAt
Q1341771,Schwarz lemma,https://leanprover-community.github.io/mathlib4_docs/Mathlib/Analysis/Complex/Schwarz.html#Complex.abs_le_abs_of_mapsTo_ball_self
Q1974087,removable singularity,https://leanprover-community.github.io/mathlib4_docs/Mathlib/Analysis/Complex/RemovableSingularity.html#Complex.differentiableOn_update_limUnder_insert_of_isLittleO
Q192760,fundamental theorem of algebra,https://leanprover-community.github.io/mathlib4_docs/Mathlib/Analysis/Complex/Polynomial/Basic.html#Complex.isAlgClosed
Q1369621,Schwartz space,https://leanprover-community.github.io/mathlib4_docs/Mathlib/Analysis/Distribution/SchwartzSpace.html#SchwartzMap
Q9363284,Riemann-Lebesgue lemma,https://leanprover-community.github.io/mathlib4_docs/Mathlib/Analysis/Fourier/RiemannLebesgueLemma.html#tendsto_integral_exp_inner_smul_cocompact
Q355020,probability measure,https://leanprover-community.github.io/mathlib4_docs/Mathlib/MeasureTheory/Measure/Typeclasses/Probability.html#MeasureTheory.IsProbabilityMeasure
Q625303,independent events,https://leanprover-community.github.io/mathlib4_docs/Mathlib/Probability/Independence/Basic.html#ProbabilityTheory.iIndepSet
Q327069,conditional probability,https://leanprover-community.github.io/mathlib4_docs/Mathlib/Probability/ConditionalProbability.html#ProbabilityTheory.cond
Q772232,conditional expectation,https://leanprover-community.github.io/mathlib4_docs/Mathlib/MeasureTheory/Function/ConditionalExpectation/Basic.html#MeasureTheory.condExp
Q207522,probability density function,https://leanprover-community.github.io/mathlib4_docs/Mathlib/Probability/Density.html#MeasureTheory.HasPDF
Q625303,independence of random variables,https://leanprover-community.github.io/mathlib4_docs/Mathlib/Probability/Independence/Basic.html#ProbabilityTheory.iIndepFun
Q2004664,Kolmogorov's $0$-$1$ law,https://leanprover-community.github.io/mathlib4_docs/Mathlib/Probability/Independence/ZeroOne.html#ProbabilityTheory.measure_zero_or_one_of_measurableSet_limsup_atTop
Q578985,convergence in probability,https://leanprover-community.github.io/mathlib4_docs/Mathlib/MeasureTheory/Function/ConvergenceInMeasure.html#MeasureTheory.TendstoInMeasure
Q578985,almost sure convergence,https://leanprover-community.github.io/mathlib4_docs/Mathlib/MeasureTheory/OuterMeasure/AE.html#MeasureTheory.ae
Q578985,convergence in distribution,https://leanprover-community.github.io/mathlib4_docs/Mathlib/MeasureTheory/Measure/ProbabilityMeasure.html#MeasureTheory.ProbabilityMeasure.tendsto_iff_forall_integral_tendsto
Q842436,Markov inequality,https://leanprover-community.github.io/mathlib4_docs/Mathlib/MeasureTheory/Integral/Lebesgue/Markov.html#MeasureTheory.mul_meas_ge_le_lintegral
Q249514,Chebyshev inequality,https://leanprover-community.github.io/mathlib4_docs/Mathlib/Probability/Moments/Variance.html#ProbabilityTheory.meas_ge_le_variance_div_sq
Q207952,strong law of large numbers,https://leanprover-community.github.io/mathlib4_docs/Mathlib/Probability/StrongLaw.html#ProbabilityTheory.strong_law_ae
Q527021,martingale,https://leanprover-community.github.io/mathlib4_docs/Mathlib/Probability/Martingale/Basic.html#MeasureTheory.Martingale
Q2027347,optional stopping theorem,https://leanprover-community.github.io/mathlib4_docs/Mathlib/Probability/Martingale/OptionalStopping.html#MeasureTheory.submartingale_iff_expected_stoppedValue_mono
Q1288707,stopping time,https://leanprover-community.github.io/mathlib4_docs/Mathlib/Probability/Process/Stopping.html#MeasureTheory.IsStoppingTime
Q5872687,hitting time,https://leanprover-community.github.io/mathlib4_docs/Mathlib/Probability/Process/HittingTime.html#MeasureTheory.hitting
Q382698,affine space,https://leanprover-community.github.io/mathlib4_docs/Mathlib/Algebra/AddTorsor/Defs.html#AddTorsor
Q382497,affine function,https://leanprover-community.github.io/mathlib4_docs/Mathlib/LinearAlgebra/AffineSpace/AffineMap.html#AffineMap
Q382698,affine subspace,https://leanprover-community.github.io/mathlib4_docs/Mathlib/LinearAlgebra/AffineSpace/AffineSubspace/Defs.html#AffineSubspace
Q809690,barycenter,https://leanprover-community.github.io/mathlib4_docs/Mathlib/LinearAlgebra/AffineSpace/Combination.html#Finset.affineCombination
Q382504,affine span,https://leanprover-community.github.io/mathlib4_docs/Mathlib/LinearAlgebra/AffineSpace/AffineSubspace/Defs.html#affineSpan
Q11352,angle,https://leanprover-community.github.io/mathlib4_docs/Mathlib/Geometry/Euclidean/Angle/Unoriented/Basic.html#InnerProductGeometry.angle
Q203920,interior of a manifold,https://leanprover-community.github.io/mathlib4_docs/Mathlib/Geometry/Manifold/IsManifold/InteriorBoundary.html#ModelWithCorners.interior
Q203920,boundary of a manifold,https://leanprover-community.github.io/mathlib4_docs/Mathlib/Geometry/Manifold/IsManifold/InteriorBoundary.html#ModelWithCorners.boundary
Q746550,tangent bundle,https://leanprover-community.github.io/mathlib4_docs/Mathlib/Geometry/Manifold/IsManifold/Basic.html#TangentBundle
Q1969983,tangent map,https://leanprover-community.github.io/mathlib4_docs/Mathlib/Geometry/Manifold/MFDeriv/Defs.html#tangentMap
Q622679,Lie group,https://leanprover-community.github.io/mathlib4_docs/Mathlib/Geometry/Manifold/Algebra/LieGroup.html#LieGroup
Q12507,sphere,https://leanprover-community.github.io/mathlib4_docs/Mathlib/Geometry/Manifold/Instances/Sphere.html#EuclideanSpace.instIsManifoldSphere
Q474715,closed interval,https://leanprover-community.github.io/mathlib4_docs/Mathlib/Geometry/Manifold/Instances/Real.html#instIsManifoldIcc
Q1154351,prime spectrum,https://leanprover-community.github.io/mathlib4_docs/Mathlib/RingTheory/Spectrum/Prime/Defs.html#PrimeSpectrum
Q147978,Zariski topology,https://leanprover-community.github.io/mathlib4_docs/Mathlib/RingTheory/Spectrum/Prime/Topology.html#PrimeSpectrum.zariskiTopology
Q168344,locally ringed space,https://leanprover-community.github.io/mathlib4_docs/Mathlib/Geometry/RingedSpace/LocallyRingedSpace.html#AlgebraicGeometry.LocallyRingedSpace
Q1155772,scheme,https://leanprover-community.github.io/mathlib4_docs/Mathlib/AlgebraicGeometry/Scheme.html#AlgebraicGeometry.Scheme
Q1068976,Nullstellensatz,https://leanprover-community.github.io/mathlib4_docs/Mathlib/RingTheory/Nullstellensatz.html#MvPolynomial.vanishingIdeal_zeroLocus_eq_radical
Q11516722,finite,https://leanprover-community.github.io/mathlib4_docs/Mathlib/Data/Fintype/Pigeonhole.html#Fintype.exists_ne_map_eq_of_card_lt
Q2574205,infinite,https://leanprover-community.github.io/mathlib4_docs/Mathlib/Data/Fintype/Pigeonhole.html#Finite.exists_infinite_fiber
Q536640,Hall's marriage theorem,https://leanprover-community.github.io/mathlib4_docs/Mathlib/Combinatorics/Hall/Basic.html#Finset.all_card_le_biUnion_card_iff_exists_injective
Q270513,Catalan numbers,https://leanprover-community.github.io/mathlib4_docs/Mathlib/Combinatorics/Enumerative/Catalan.html#catalan
Q816063,Bell numbers,https://leanprover-community.github.io/mathlib4_docs/Mathlib/Combinatorics/Enumerative/Bell.html#Multiset.bell
Q1268618,Dyck words,https://leanprover-community.github.io/mathlib4_docs/Mathlib/Combinatorics/Enumerative/DyckWord.html#DyckWord
Q4695203,Four functions theorem,https://leanprover-community.github.io/mathlib4_docs/Mathlib/Combinatorics/SetFamily/FourFunctions.html#four_functions_theorem
Q1872826,LYM inequality,https://leanprover-community.github.io/mathlib4_docs/Mathlib/Combinatorics/SetFamily/LYM.html#Finset.lubell_yamamoto_meshalkin_inequality_sum_card_div_choose
Q2226786,Sperner's theorem,https://leanprover-community.github.io/mathlib4_docs/Mathlib/Combinatorics/SetFamily/LYM.html#IsAntichain.sperner
Q2662236,VC dimension,https://leanprover-community.github.io/mathlib4_docs/Mathlib/Combinatorics/SetFamily/Shatter.html#Finset.vcDim
Q17156650,Sauer-Shelah lemma,https://leanprover-community.github.io/mathlib4_docs/Mathlib/Combinatorics/SetFamily/Shatter.html#Finset.card_shatterer_le_sum_vcDim
Q3527102,Kruskal-Katona theorem,https://leanprover-community.github.io/mathlib4_docs/Mathlib/Combinatorics/SetFamily/KruskalKatona.html#Finset.kruskal_katona
Q141488,simple graph,https://leanprover-community.github.io/mathlib4_docs/Mathlib/Combinatorics/SimpleGraph/Basic.html#SimpleGraph
Q1065144,matching,https://leanprover-community.github.io/mathlib4_docs/Mathlib/Combinatorics/SimpleGraph/Matching.html#SimpleGraph.Subgraph.IsMatching
Q727035,adjacency matrix,https://leanprover-community.github.io/mathlib4_docs/Mathlib/Combinatorics/SimpleGraph/AdjMatrix.html#SimpleGraph.adjMatrix
Q692823,Strongly regular graphs,https://leanprover-community.github.io/mathlib4_docs/Mathlib/Combinatorics/SimpleGraph/StronglyRegular.html#SimpleGraph.IsSRGWith
Q1047749,Turán's theorem,https://leanprover-community.github.io/mathlib4_docs/Mathlib/Combinatorics/SimpleGraph/Extremal/Turan.html#SimpleGraph.isTuranMaximal_iff_nonempty_iso_turanGraph
Q1295910,Regularity lemma,https://leanprover-community.github.io/mathlib4_docs/Mathlib/Combinatorics/SimpleGraph/Regularity/Lemma.html#szemeredi_regularity
Q62931187,Triangle removal lemma,https://leanprover-community.github.io/mathlib4_docs/Mathlib/Combinatorics/SimpleGraph/Triangle/Removal.html#SimpleGraph.triangle_removal
Q764287,van der Waerden theorem,https://leanprover-community.github.io/mathlib4_docs/Mathlib/Combinatorics/HalesJewett.html#Combinatorics.exists_mono_homothetic_copy
Q1032886,Hales-Jewett theorem,https://leanprover-community.github.io/mathlib4_docs/Mathlib/Combinatorics/HalesJewett.html#Combinatorics.Line.exists_mono_in_high_dimension
Q1566341,Hindman's theorem,https://leanprover-community.github.io/mathlib4_docs/Mathlib/Combinatorics/Hindman.html#Hindman.FS_partition_regular
Q751120,Roth's theorem,https://leanprover-community.github.io/mathlib4_docs/Mathlib/Combinatorics/Additive/Corner/Roth.html#roth_3ap_theorem_nat
Q5171652,Corners theorem,https://leanprover-community.github.io/mathlib4_docs/Mathlib/Combinatorics/Additive/Corner/Roth.html#corners_theorem_nat
Q85798239,Ruzsa triangle inequality,https://leanprover-community.github.io/mathlib4_docs/Mathlib/Combinatorics/Additive/PluenneckeRuzsa.html#Finset.ruzsa_triangle_inequality_sub_sub_sub
Q859107,Cauchy-Davenport theorem,https://leanprover-community.github.io/mathlib4_docs/Mathlib/Combinatorics/Additive/CauchyDavenport.html#ZMod.cauchy_davenport
Q716171,Erdős–Ginzburg–Ziv theorem,https://leanprover-community.github.io/mathlib4_docs/Mathlib/Combinatorics/Additive/ErdosGinzburgZiv.html#ZMod.erdos_ginzburg_ziv
Q5456381,fixed points,https://leanprover-community.github.io/mathlib4_docs/Mathlib/Dynamics/FixedPoints/Basic.html#Function.fixedPoints
Q12139612,list,https://leanprover-community.github.io/mathlib4_docs/Init/Prelude.html#List
Q44337,array,https://leanprover-community.github.io/mathlib4_docs/Init/Prelude.html#Array
Q1224342,difference list,https://leanprover-community.github.io/mathlib4_docs/Batteries/Data/DList/Basic.html#Batteries.DList
Q47521,stream,https://leanprover-community.github.io/mathlib4_docs/Mathlib/Data/Stream/Defs.html#Stream'
Q133250,sequence,https://leanprover-community.github.io/mathlib4_docs/Mathlib/Data/Seq/Defs.html#Stream'.Seq
Q4982735,weak sequence,https://leanprover-community.github.io/mathlib4_docs/Mathlib/Data/WSeq/Basic.html#Stream'.WSeq
Q2518298,set,https://leanprover-community.github.io/mathlib4_docs/Mathlib/Data/Set/Defs.html#Set
Q272404,finite set,https://leanprover-community.github.io/mathlib4_docs/Mathlib/Data/Finset/Defs.html#Finset
Q864377,multiset,https://leanprover-community.github.io/mathlib4_docs/Mathlib/Data/Multiset/Defs.html#Multiset
Q474715,ordered set,https://leanprover-community.github.io/mathlib4_docs/Mathlib/Data/Ordmap/Ordset.html#Ordset
Q207440,hash map,https://leanprover-community.github.io/mathlib4_docs/Std/Data/HashMap/Basic.html#Std.HashMap
Q2370289,finite map,https://leanprover-community.github.io/mathlib4_docs/Mathlib/Data/Finmap.html#Finmap
Q3538304,tree,https://leanprover-community.github.io/mathlib4_docs/Mathlib/Data/Tree/Basic.html#Tree
Q506496,red-black tree,https://leanprover-community.github.io/mathlib4_docs/Batteries/Data/RBMap/Basic.html#Batteries.RBSet
Q17092426,W type,https://leanprover-community.github.io/mathlib4_docs/Mathlib/Data/W/Basic.html#WType
Q1570472,primitive recursive function,https://leanprover-community.github.io/mathlib4_docs/Mathlib/Computability/Primrec.html#Primrec
Q341835,Ackermann function,https://leanprover-community.github.io/mathlib4_docs/Mathlib/Computability/Ackermann.html#ack
Q163310,Turing machine,https://leanprover-community.github.io/mathlib4_docs/Mathlib/Computability/PostTuringMachine.html#Turing.TM0.Machine
Q622849,halting problem,https://leanprover-community.github.io/mathlib4_docs/Mathlib/Computability/Halting.html#ComputablePred.halting_problem
Q1893717,Rice theorem,https://leanprover-community.github.io/mathlib4_docs/Mathlib/Computability/Halting.html#ComputablePred.rice
Q1320931,combinatorial game,https://leanprover-community.github.io/mathlib4_docs/Mathlib/SetTheory/Game/Basic.html#SetTheory.Game
Q1527413,Turing degrees,https://leanprover-community.github.io/mathlib4_docs/Mathlib/Computability/TuringDegree.html#TuringDegree
Q192161,language,https://leanprover-community.github.io/mathlib4_docs/Mathlib/Computability/Language.html#Language
Q670618,Arden's lemma,https://leanprover-community.github.io/mathlib4_docs/Mathlib/Computability/Language.html#Language.self_eq_mul_add_iff
Q752532,regular language,https://leanprover-community.github.io/mathlib4_docs/Mathlib/Computability/DFA.html#Language.IsRegular
Q400625,DFA,https://leanprover-community.github.io/mathlib4_docs/Mathlib/Computability/DFA.html#DFA
Q340313,NFA,https://leanprover-community.github.io/mathlib4_docs/Mathlib/Computability/NFA.html#NFA
Q185612,regular expression,https://leanprover-community.github.io/mathlib4_docs/Mathlib/Computability/RegularExpressions.html#RegularExpression
Q729271,context-free language,https://leanprover-community.github.io/mathlib4_docs/Mathlib/Computability/ContextFreeGrammar.html#Language.IsContextFree
Q338047,context-free grammar,https://leanprover-community.github.io/mathlib4_docs/Mathlib/Computability/ContextFreeGrammar.html#ContextFreeGrammar
Q191780,ordinal,https://leanprover-community.github.io/mathlib4_docs/Mathlib/SetTheory/Ordinal/Basic.html#Ordinal
Q163875,cardinal,https://leanprover-community.github.io/mathlib4_docs/Mathlib/SetTheory/Cardinal/Defs.html#Cardinal
Q1350299,satisfiability,https://leanprover-community.github.io/mathlib4_docs/Mathlib/ModelTheory/Satisfiability.html#FirstOrder.Language.Theory.IsSatisfiable
Q859254,substructure,https://leanprover-community.github.io/mathlib4_docs/Mathlib/ModelTheory/Substructures.html#FirstOrder.Language.Substructure
Q2895824,definable set,https://leanprover-community.github.io/mathlib4_docs/Mathlib/ModelTheory/Definability.html#Set.Definable
Q877149,elementary embedding,https://leanprover-community.github.io/mathlib4_docs/Mathlib/ModelTheory/ElementaryMaps.html#FirstOrder.Language.ElementaryEmbedding
Q1149458,Compactness theorem,https://leanprover-community.github.io/mathlib4_docs/Mathlib/ModelTheory/Satisfiability.html#FirstOrder.Language.Theory.isSatisfiable_iff_isFinitelySatisfiable
Q1068283,Löwenheim-Skolem,https://leanprover-community.github.io/mathlib4_docs/Mathlib/ModelTheory/Satisfiability.html#FirstOrder.Language.exists_elementaryEmbedding_card_eq
