Wikidata ID,Chicago
[Q1738274](https://www.wikidata.org/wiki/Q1738274),[k-space](https://mathgloss.github.io/MathGloss/chicago/k-space)
[Q91052291](https://www.wikidata.org/wiki/Q91052291),[local minimum](https://mathgloss.github.io/MathGloss/chicago/local_minimum)
[Q1095056](https://www.wikidata.org/wiki/Q1095056),[singular homology group](https://mathgloss.github.io/MathGloss/chicago/singular_homology_group)
[Q3058218](https://www.wikidata.org/wiki/Q3058218),[Borel space](https://mathgloss.github.io/MathGloss/chicago/borel_space)
[Q738422](https://www.wikidata.org/wiki/Q738422),[barycentric coordinates](https://mathgloss.github.io/MathGloss/chicago/barycentric_coordinates)
[Q306560](https://www.wikidata.org/wiki/Q306560),[homotopy cofiber](https://mathgloss.github.io/MathGloss/chicago/homotopy_cofiber)
[Q1362228](https://www.wikidata.org/wiki/Q1362228),[totally bounded](https://mathgloss.github.io/MathGloss/chicago/totally_bounded)
[Q2051983](https://www.wikidata.org/wiki/Q2051983),[conjugate transpose](https://mathgloss.github.io/MathGloss/chicago/conjugate_transpose)
[Q1000660](https://www.wikidata.org/wiki/Q1000660),[algebra over a field](https://mathgloss.github.io/MathGloss/chicago/algebra_over_a_field)
[Q192826](https://www.wikidata.org/wiki/Q192826),[Kronecker delta](https://mathgloss.github.io/MathGloss/chicago/kronecker_delta)
[Q35059](https://www.wikidata.org/wiki/Q35059),[width](https://mathgloss.github.io/MathGloss/chicago/width)
[Q1473607](https://www.wikidata.org/wiki/Q1473607),[degree of polynomial](https://mathgloss.github.io/MathGloss/chicago/degree_of_polynomial)
[Q1049914](https://www.wikidata.org/wiki/Q1049914),[matrix multiplication](https://mathgloss.github.io/MathGloss/chicago/matrix_multiplication)
[Q230655](https://www.wikidata.org/wiki/Q230655),[connected graph](https://mathgloss.github.io/MathGloss/chicago/connected_graph)
[Q1139583](https://www.wikidata.org/wiki/Q1139583),[inner automorphism of a Lie algebra](https://mathgloss.github.io/MathGloss/chicago/inner_automorphism_of_a_lie_algebra)
[Q1142861](https://www.wikidata.org/wiki/Q1142861),[direct sum of modules](https://mathgloss.github.io/MathGloss/chicago/direct_sum_of_modules)
[Q213363](https://www.wikidata.org/wiki/Q213363),[open](https://mathgloss.github.io/MathGloss/chicago/open)
[Q825857](https://www.wikidata.org/wiki/Q825857),[Riemann sphere](https://mathgloss.github.io/MathGloss/chicago/riemann_sphere)
[Q2138760](https://www.wikidata.org/wiki/Q2138760),[class](https://mathgloss.github.io/MathGloss/chicago/class)
[Q17099189](https://www.wikidata.org/wiki/Q17099189),[multiplicative character](https://mathgloss.github.io/MathGloss/chicago/multiplicative_character)
[Q1626409](https://www.wikidata.org/wiki/Q1626409),[homotopy equivalence of spaces](https://mathgloss.github.io/MathGloss/chicago/homotopy_equivalence_of_spaces)
[Q161519](https://www.wikidata.org/wiki/Q161519),[permutation](https://mathgloss.github.io/MathGloss/chicago/permutation)
[Q994399](https://www.wikidata.org/wiki/Q994399),[simplicial complex](https://mathgloss.github.io/MathGloss/chicago/simplicial_complex)
[Q445569](https://www.wikidata.org/wiki/Q445569),[complexification of a vector space](https://mathgloss.github.io/MathGloss/chicago/complexification_of_a_vector_space)
[Q643300](https://www.wikidata.org/wiki/Q643300),[locally finite cover](https://mathgloss.github.io/MathGloss/chicago/locally_finite_cover)
[Q256355](https://www.wikidata.org/wiki/Q256355),[equivariant map](https://mathgloss.github.io/MathGloss/chicago/equivariant_map)
[Q164307](https://www.wikidata.org/wiki/Q164307),[binary operation](https://mathgloss.github.io/MathGloss/chicago/binary_operation)
[Q1326955](https://www.wikidata.org/wiki/Q1326955),[exact sequence](https://mathgloss.github.io/MathGloss/chicago/exact_sequence)
[Q165474](https://www.wikidata.org/wiki/Q165474),[commutative](https://mathgloss.github.io/MathGloss/chicago/commutative)
[Q622679](https://www.wikidata.org/wiki/Q622679),[Lie group](https://mathgloss.github.io/MathGloss/chicago/lie_group)
[Q120812](https://www.wikidata.org/wiki/Q120812),[absolute value](https://mathgloss.github.io/MathGloss/chicago/absolute_value)
[Q574844](https://www.wikidata.org/wiki/Q574844),[kernel of module homomorphism](https://mathgloss.github.io/MathGloss/chicago/kernel_of_module_homomorphism)
[Q78484790](https://www.wikidata.org/wiki/Q78484790),[compact symplectic group](https://mathgloss.github.io/MathGloss/chicago/compact_symplectic_group)
[Q803531](https://www.wikidata.org/wiki/Q803531),[quadratic integers](https://mathgloss.github.io/MathGloss/chicago/quadratic_integers)
[Q858223](https://www.wikidata.org/wiki/Q858223),[limit point](https://mathgloss.github.io/MathGloss/chicago/limit_point)
[Q25377974](https://www.wikidata.org/wiki/Q25377974),[almost uniform convergence](https://mathgloss.github.io/MathGloss/chicago/almost_uniform_convergence)
[Q331350](https://www.wikidata.org/wiki/Q331350),[face of an n-simplex](https://mathgloss.github.io/MathGloss/chicago/face_of_an_n-simplex)
[Q2706744](https://www.wikidata.org/wiki/Q2706744),[G-invariant vectors](https://mathgloss.github.io/MathGloss/chicago/g-invariant_vectors)
[Q1945067](https://www.wikidata.org/wiki/Q1945067),[monomorphism](https://mathgloss.github.io/MathGloss/chicago/monomorphism)
[Q629933](https://www.wikidata.org/wiki/Q629933),[subalgebra](https://mathgloss.github.io/MathGloss/chicago/subalgebra)
[Q1485102](https://www.wikidata.org/wiki/Q1485102),[semisimple module](https://mathgloss.github.io/MathGloss/chicago/semisimple_module)
[Q125977](https://www.wikidata.org/wiki/Q125977),[vector space](https://mathgloss.github.io/MathGloss/chicago/vector_space)
[Q599027](https://www.wikidata.org/wiki/Q599027),[harmonic function](https://mathgloss.github.io/MathGloss/chicago/harmonic_function)
[Q91052280](https://www.wikidata.org/wiki/Q91052280),[local maximum](https://mathgloss.github.io/MathGloss/chicago/local_maximum)
[Q190026](https://www.wikidata.org/wiki/Q190026),[Euler's totient function](https://mathgloss.github.io/MathGloss/chicago/euler's_totient_function)
[Q223683](https://www.wikidata.org/wiki/Q223683),[matrix transpose](https://mathgloss.github.io/MathGloss/chicago/matrix_transpose)
[Q1781358](https://www.wikidata.org/wiki/Q1781358),[wedge sum](https://mathgloss.github.io/MathGloss/chicago/wedge_sum)
[Q83478](https://www.wikidata.org/wiki/Q83478),[group](https://mathgloss.github.io/MathGloss/chicago/group)
[Q868473](https://www.wikidata.org/wiki/Q868473),[smooth](https://mathgloss.github.io/MathGloss/chicago/smooth)
[Q105356493](https://www.wikidata.org/wiki/Q105356493),[circle group](https://mathgloss.github.io/MathGloss/chicago/circle_group)
[Q1969054](https://www.wikidata.org/wiki/Q1969054),[essential infimum](https://mathgloss.github.io/MathGloss/chicago/essential_infimum)
[Q1635267](https://www.wikidata.org/wiki/Q1635267),[cone](https://mathgloss.github.io/MathGloss/chicago/cone)
[Q209](https://www.wikidata.org/wiki/Q209),[rectangle](https://mathgloss.github.io/MathGloss/chicago/rectangle)
[Q41509136](https://www.wikidata.org/wiki/Q41509136),[open cover](https://mathgloss.github.io/MathGloss/chicago/open_cover)
[Q875399](https://www.wikidata.org/wiki/Q875399),[boundary points of a manifold](https://mathgloss.github.io/MathGloss/chicago/boundary_points_of_a_manifold)
[Q229102](https://www.wikidata.org/wiki/Q229102),[surjective](https://mathgloss.github.io/MathGloss/chicago/surjective)
[Q840023](https://www.wikidata.org/wiki/Q840023),[nilpotent](https://mathgloss.github.io/MathGloss/chicago/nilpotent)
[Q4558786](https://www.wikidata.org/wiki/Q4558786),[loop](https://mathgloss.github.io/MathGloss/chicago/loop)
[Q179899](https://www.wikidata.org/wiki/Q179899),[topological space](https://mathgloss.github.io/MathGloss/chicago/topological_space)
[Q32998717](https://www.wikidata.org/wiki/Q32998717),[exponent of a finite group](https://mathgloss.github.io/MathGloss/chicago/exponent_of_a_finite_group)
[Q2136937](https://www.wikidata.org/wiki/Q2136937),[locally finite measure](https://mathgloss.github.io/MathGloss/chicago/locally_finite_measure)
[Q7574831](https://www.wikidata.org/wiki/Q7574831),[special linear algebra](https://mathgloss.github.io/MathGloss/chicago/special_linear_algebra)
[Q2478475](https://www.wikidata.org/wiki/Q2478475),[neighborhood](https://mathgloss.github.io/MathGloss/chicago/neighborhood)
[Q828111](https://www.wikidata.org/wiki/Q828111),[zero divisor](https://mathgloss.github.io/MathGloss/chicago/zero_divisor)
[Q109314515](https://www.wikidata.org/wiki/Q109314515),[lower central series](https://mathgloss.github.io/MathGloss/chicago/lower_central_series)
[Q7449310](https://www.wikidata.org/wiki/Q7449310),[semi-locally simply connected](https://mathgloss.github.io/MathGloss/chicago/semi-locally_simply_connected)
[Q77583424](https://www.wikidata.org/wiki/Q77583424),[Hermitian inner product on class functions on finite group](https://mathgloss.github.io/MathGloss/chicago/hermitian_inner_product_on_class_functions_on_finite_group)
[Q1761121](https://www.wikidata.org/wiki/Q1761121),[normalizer of a vector space](https://mathgloss.github.io/MathGloss/chicago/normalizer_of_a_vector_space)
[Q191884](https://www.wikidata.org/wiki/Q191884),[inverse function](https://mathgloss.github.io/MathGloss/chicago/inverse_function)
[Q7098616](https://www.wikidata.org/wiki/Q7098616),[opposite category](https://mathgloss.github.io/MathGloss/chicago/opposite_category)
[Q6500908](https://www.wikidata.org/wiki/Q6500908),[self-adjoint](https://mathgloss.github.io/MathGloss/chicago/self-adjoint)
[Q215084](https://www.wikidata.org/wiki/Q215084),[entire](https://mathgloss.github.io/MathGloss/chicago/entire)
[Q17123743](https://www.wikidata.org/wiki/Q17123743),[inverse matrix](https://mathgloss.github.io/MathGloss/chicago/inverse_matrix)
[Q203920](https://www.wikidata.org/wiki/Q203920),[embedded m-dimensional manifold](https://mathgloss.github.io/MathGloss/chicago/embedded_m-dimensional_manifold)
[Q130998](https://www.wikidata.org/wiki/Q130998),[equivalence relation](https://mathgloss.github.io/MathGloss/chicago/equivalence_relation)
[Q524607](https://www.wikidata.org/wiki/Q524607),[general linear group](https://mathgloss.github.io/MathGloss/chicago/general_linear_group)
[Q39297](https://www.wikidata.org/wiki/Q39297),[volume](https://mathgloss.github.io/MathGloss/chicago/volume)
[Q91050456](https://www.wikidata.org/wiki/Q91050456),[connected component](https://mathgloss.github.io/MathGloss/chicago/connected_component)
[Q1959911](https://www.wikidata.org/wiki/Q1959911),[relative homology groups](https://mathgloss.github.io/MathGloss/chicago/relative_homology_groups)
[Q2601117](https://www.wikidata.org/wiki/Q2601117),[Stirling numbers of the second kind](https://mathgloss.github.io/MathGloss/chicago/stirling_numbers_of_the_second_kind)
[Q18205969](https://www.wikidata.org/wiki/Q18205969),[Choquet game](https://mathgloss.github.io/MathGloss/chicago/choquet_game)
[Q203920](https://www.wikidata.org/wiki/Q203920),[topological m-dimensional manifold with boundary](https://mathgloss.github.io/MathGloss/chicago/topological_m-dimensional_manifold_with_boundary)
[Q7306331](https://www.wikidata.org/wiki/Q7306331),[reduced homology group](https://mathgloss.github.io/MathGloss/chicago/reduced_homology_group)
[Q18848](https://www.wikidata.org/wiki/Q18848),[module over a ring](https://mathgloss.github.io/MathGloss/chicago/module_over_a_ring)
[Q1474543](https://www.wikidata.org/wiki/Q1474543),[Jacobian determinant](https://mathgloss.github.io/MathGloss/chicago/jacobian_determinant)
[Q181365](https://www.wikidata.org/wiki/Q181365),[Euclidean inner product](https://mathgloss.github.io/MathGloss/chicago/euclidean_inner_product)
[Q2498094](https://www.wikidata.org/wiki/Q2498094),[submodule](https://mathgloss.github.io/MathGloss/chicago/submodule)
[Q182003](https://www.wikidata.org/wiki/Q182003),[injective](https://mathgloss.github.io/MathGloss/chicago/injective)
[Q130901](https://www.wikidata.org/wiki/Q130901),[binary relation](https://mathgloss.github.io/MathGloss/chicago/binary_relation)
[Q744960](https://www.wikidata.org/wiki/Q744960),[associative algebra](https://mathgloss.github.io/MathGloss/chicago/associative_algebra)
[Q44382](https://www.wikidata.org/wiki/Q44382),[principal ideal](https://mathgloss.github.io/MathGloss/chicago/principal_ideal)
[Q1783179](https://www.wikidata.org/wiki/Q1783179),[orthogonal group](https://mathgloss.github.io/MathGloss/chicago/orthogonal_group)
[Q831672](https://www.wikidata.org/wiki/Q831672),[maximal subtree](https://mathgloss.github.io/MathGloss/chicago/maximal_subtree)
[Q2666112](https://www.wikidata.org/wiki/Q2666112),[transposition](https://mathgloss.github.io/MathGloss/chicago/transposition)
[Q85174068](https://www.wikidata.org/wiki/Q85174068),[fundamental groupoid](https://mathgloss.github.io/MathGloss/chicago/fundamental_groupoid)
[Q3117934](https://www.wikidata.org/wiki/Q3117934),[special orthogonal group](https://mathgloss.github.io/MathGloss/chicago/special_orthogonal_group)
[Q1322786](https://www.wikidata.org/wiki/Q1322786),[exterior](https://mathgloss.github.io/MathGloss/chicago/exterior)
[Q752487](https://www.wikidata.org/wiki/Q752487),[dual space](https://mathgloss.github.io/MathGloss/chicago/dual_space)
[Q5448799](https://www.wikidata.org/wiki/Q5448799),[filled Julia set](https://mathgloss.github.io/MathGloss/chicago/filled_julia_set)
[Q4944906](https://www.wikidata.org/wiki/Q4944906),[Gale-Stewart game](https://mathgloss.github.io/MathGloss/chicago/gale-stewart_game)
[Q579600](https://www.wikidata.org/wiki/Q579600),[functional](https://mathgloss.github.io/MathGloss/chicago/functional)
[Q622679](https://www.wikidata.org/wiki/Q622679),[matrix Lie group](https://mathgloss.github.io/MathGloss/chicago/matrix_lie_group)
[Q190629](https://www.wikidata.org/wiki/Q190629),[centralizer of a subset](https://mathgloss.github.io/MathGloss/chicago/centralizer_of_a_subset)
[Q3966112](https://www.wikidata.org/wiki/Q3966112),[quotient by equivalence relation](https://mathgloss.github.io/MathGloss/chicago/quotient_by_equivalence_relation)
[Q3553768](https://www.wikidata.org/wiki/Q3553768),[eigenvalue](https://mathgloss.github.io/MathGloss/chicago/eigenvalue)
[Q230689](https://www.wikidata.org/wiki/Q230689),[contractible](https://mathgloss.github.io/MathGloss/chicago/contractible)
[Q7558992](https://www.wikidata.org/wiki/Q7558992),[solvable Lie algebra](https://mathgloss.github.io/MathGloss/chicago/solvable_lie_algebra)
[Q109314515](https://www.wikidata.org/wiki/Q109314515),[descending central series](https://mathgloss.github.io/MathGloss/chicago/descending_central_series)
[Q680081](https://www.wikidata.org/wiki/Q680081),[separable metric space](https://mathgloss.github.io/MathGloss/chicago/separable_metric_space)
[Q331350](https://www.wikidata.org/wiki/Q331350),[n-simplex](https://mathgloss.github.io/MathGloss/chicago/n-simplex)
[Q13582243](https://www.wikidata.org/wiki/Q13582243),[direct sum of module homomorphisms](https://mathgloss.github.io/MathGloss/chicago/direct_sum_of_module_homomorphisms)
[Q338057](https://www.wikidata.org/wiki/Q338057),[left inverse element](https://mathgloss.github.io/MathGloss/chicago/left_inverse_element)
[Q2064647](https://www.wikidata.org/wiki/Q2064647),[ring of subsets](https://mathgloss.github.io/MathGloss/chicago/ring_of_subsets)
[Q1139583](https://www.wikidata.org/wiki/Q1139583),[inner automorphism of a group](https://mathgloss.github.io/MathGloss/chicago/inner_automorphism_of_a_group)
[Q207643](https://www.wikidata.org/wiki/Q207643),[linear transformation](https://mathgloss.github.io/MathGloss/chicago/linear_transformation)
[Q44649](https://www.wikidata.org/wiki/Q44649),[ring ideal](https://mathgloss.github.io/MathGloss/chicago/ring_ideal)
[Q484298](https://www.wikidata.org/wiki/Q484298),[surface](https://mathgloss.github.io/MathGloss/chicago/surface)
[Q382497](https://www.wikidata.org/wiki/Q382497),[affine transformations](https://mathgloss.github.io/MathGloss/chicago/affine_transformations)
[Q3054889](https://www.wikidata.org/wiki/Q3054889),[measurable](https://mathgloss.github.io/MathGloss/chicago/measurable)
[Q679903](https://www.wikidata.org/wiki/Q679903),[magma](https://mathgloss.github.io/MathGloss/chicago/magma)
[Q620495](https://www.wikidata.org/wiki/Q620495),[Hessian matrix](https://mathgloss.github.io/MathGloss/chicago/hessian_matrix)
[Q7625098](https://www.wikidata.org/wiki/Q7625098),[structure constants](https://mathgloss.github.io/MathGloss/chicago/structure_constants)
[Q3427408](https://www.wikidata.org/wiki/Q3427408),[dual representation of a Lie algebra](https://mathgloss.github.io/MathGloss/chicago/dual_representation_of_a_lie_algebra)
[Q929536](https://www.wikidata.org/wiki/Q929536),[unital subring](https://mathgloss.github.io/MathGloss/chicago/unital_subring)
[Q1673406](https://www.wikidata.org/wiki/Q1673406),[universal enveloping algebra](https://mathgloss.github.io/MathGloss/chicago/universal_enveloping_algebra)
[Q2518298](https://www.wikidata.org/wiki/Q2518298),[category of sets](https://mathgloss.github.io/MathGloss/chicago/category_of_sets)
[Q1544261](https://www.wikidata.org/wiki/Q1544261),[totally disconnected](https://mathgloss.github.io/MathGloss/chicago/totally_disconnected)
[Q161172](https://www.wikidata.org/wiki/Q161172),[ring](https://mathgloss.github.io/MathGloss/chicago/ring)
[Q609566](https://www.wikidata.org/wiki/Q609566),[elementary matrix](https://mathgloss.github.io/MathGloss/chicago/elementary_matrix)
[Q522216](https://www.wikidata.org/wiki/Q522216),[commutator subgroup](https://mathgloss.github.io/MathGloss/chicago/commutator_subgroup)
[Q740207](https://www.wikidata.org/wiki/Q740207),[isometry](https://mathgloss.github.io/MathGloss/chicago/isometry)
[Q860623](https://www.wikidata.org/wiki/Q860623),[image](https://mathgloss.github.io/MathGloss/chicago/image)
[Q26851733](https://www.wikidata.org/wiki/Q26851733),[outer regular](https://mathgloss.github.io/MathGloss/chicago/outer_regular)
[Q215111](https://www.wikidata.org/wiki/Q215111),[module homomorphism](https://mathgloss.github.io/MathGloss/chicago/module_homomorphism)
[Q258374](https://www.wikidata.org/wiki/Q258374),[outer measure](https://mathgloss.github.io/MathGloss/chicago/outer_measure)
[Q209812](https://www.wikidata.org/wiki/Q209812),[span](https://mathgloss.github.io/MathGloss/chicago/span)
[Q849512](https://www.wikidata.org/wiki/Q849512),[symmetric group](https://mathgloss.github.io/MathGloss/chicago/symmetric_group)
[Q27670](https://www.wikidata.org/wiki/Q27670),[linearly independent group elements](https://mathgloss.github.io/MathGloss/chicago/linearly_independent_group_elements)
[Q7827200](https://www.wikidata.org/wiki/Q7827200),[torsion free module](https://mathgloss.github.io/MathGloss/chicago/torsion_free_module)
[Q515173](https://www.wikidata.org/wiki/Q515173),[contraction mapping](https://mathgloss.github.io/MathGloss/chicago/contraction_mapping)
[Q656784](https://www.wikidata.org/wiki/Q656784),[rank](https://mathgloss.github.io/MathGloss/chicago/rank)
[Q1366002](https://www.wikidata.org/wiki/Q1366002),[path](https://mathgloss.github.io/MathGloss/chicago/path)
[Q18408315](https://www.wikidata.org/wiki/Q18408315),[order of a group](https://mathgloss.github.io/MathGloss/chicago/order_of_a_group)
[Q574844](https://www.wikidata.org/wiki/Q574844),[kernel of linear transformation](https://mathgloss.github.io/MathGloss/chicago/kernel_of_linear_transformation)
[Q1780743](https://www.wikidata.org/wiki/Q1780743),[compact linear transformation](https://mathgloss.github.io/MathGloss/chicago/compact_linear_transformation)
[Q173853](https://www.wikidata.org/wiki/Q173853),[quaternion algebra](https://mathgloss.github.io/MathGloss/chicago/quaternion_algebra)
[Q78269866](https://www.wikidata.org/wiki/Q78269866),[Sylow p-subgroup](https://mathgloss.github.io/MathGloss/chicago/sylow_p-subgroup)
[Q246506](https://www.wikidata.org/wiki/Q246506),[algebra of subsets](https://mathgloss.github.io/MathGloss/chicago/algebra_of_subsets)
[Q7825035](https://www.wikidata.org/wiki/Q7825035),[topological game](https://mathgloss.github.io/MathGloss/chicago/topological_game)
[Q5988368](https://www.wikidata.org/wiki/Q5988368),[identity component](https://mathgloss.github.io/MathGloss/chicago/identity_component)
[Q48995828](https://www.wikidata.org/wiki/Q48995828),[tensor product of Lie algebra representations](https://mathgloss.github.io/MathGloss/chicago/tensor_product_of_lie_algebra_representations)
[Q7249479](https://www.wikidata.org/wiki/Q7249479),[projectivization](https://mathgloss.github.io/MathGloss/chicago/projectivization)
[Q1143328](https://www.wikidata.org/wiki/Q1143328),[chain complex](https://mathgloss.github.io/MathGloss/chicago/chain_complex)
[Q1640811](https://www.wikidata.org/wiki/Q1640811),[fiber](https://mathgloss.github.io/MathGloss/chicago/fiber)
[Q240651](https://www.wikidata.org/wiki/Q240651),[prime element of an integral domain](https://mathgloss.github.io/MathGloss/chicago/prime_element_of_an_integral_domain)
[Q2996364](https://www.wikidata.org/wiki/Q2996364),[sequence convergence](https://mathgloss.github.io/MathGloss/chicago/sequence_convergence)
[Q1131116](https://www.wikidata.org/wiki/Q1131116),[contracting sequence of sets in a metric space](https://mathgloss.github.io/MathGloss/chicago/contracting_sequence_of_sets_in_a_metric_space)
[Q382497](https://www.wikidata.org/wiki/Q382497),[algebra homomorphism](https://mathgloss.github.io/MathGloss/chicago/algebra_homomorphism)
[Q7168101](https://www.wikidata.org/wiki/Q7168101),[perfect set](https://mathgloss.github.io/MathGloss/chicago/perfect_set)
[Q1341061](https://www.wikidata.org/wiki/Q1341061),[minor](https://mathgloss.github.io/MathGloss/chicago/minor)
[Q1017231](https://www.wikidata.org/wiki/Q1017231),[elementary abelian p-group](https://mathgloss.github.io/MathGloss/chicago/elementary_abelian_p-group)
[Q44649](https://www.wikidata.org/wiki/Q44649),[right ring ideal](https://mathgloss.github.io/MathGloss/chicago/right_ring_ideal)
[Q23924662](https://www.wikidata.org/wiki/Q23924662),[inner product](https://mathgloss.github.io/MathGloss/chicago/inner_product)
[Q852973](https://www.wikidata.org/wiki/Q852973),[Euler characteristic](https://mathgloss.github.io/MathGloss/chicago/euler_characteristic)
[Q2525646](https://www.wikidata.org/wiki/Q2525646),[composition series of a module](https://mathgloss.github.io/MathGloss/chicago/composition_series_of_a_module)
[Q1738274](https://www.wikidata.org/wiki/Q1738274),[compactly generated](https://mathgloss.github.io/MathGloss/chicago/compactly_generated)
[Q332648](https://www.wikidata.org/wiki/Q332648),[covering of groupoids](https://mathgloss.github.io/MathGloss/chicago/covering_of_groupoids)
[Q4504468](https://www.wikidata.org/wiki/Q4504468),[n-chain](https://mathgloss.github.io/MathGloss/chicago/n-chain)
[Q1897429](https://www.wikidata.org/wiki/Q1897429),[non-Archimedean absolute value](https://mathgloss.github.io/MathGloss/chicago/non-archimedean_absolute_value)
[Q78502771](https://www.wikidata.org/wiki/Q78502771),[simple Lie algebra](https://mathgloss.github.io/MathGloss/chicago/simple_lie_algebra)
[Q332504](https://www.wikidata.org/wiki/Q332504),[absolute continuity](https://mathgloss.github.io/MathGloss/chicago/absolute_continuity)
[Q644719](https://www.wikidata.org/wiki/Q644719),[closed half-space](https://mathgloss.github.io/MathGloss/chicago/closed_half-space)
[Q1195852](https://www.wikidata.org/wiki/Q1195852),[center of a group](https://mathgloss.github.io/MathGloss/chicago/center_of_a_group)
[Q719395](https://www.wikidata.org/wiki/Q719395),[category](https://mathgloss.github.io/MathGloss/chicago/category)
[Q185813](https://www.wikidata.org/wiki/Q185813),[identity element](https://mathgloss.github.io/MathGloss/chicago/identity_element)
[Q320346](https://www.wikidata.org/wiki/Q320346),[closure](https://mathgloss.github.io/MathGloss/chicago/closure)
[Q208237](https://www.wikidata.org/wiki/Q208237),[monoid](https://mathgloss.github.io/MathGloss/chicago/monoid)
[Q118084](https://www.wikidata.org/wiki/Q118084),[unit of a ring](https://mathgloss.github.io/MathGloss/chicago/unit_of_a_ring)
[Q1137726](https://www.wikidata.org/wiki/Q1137726),[oriented edge](https://mathgloss.github.io/MathGloss/chicago/oriented_edge)
[Q13582243](https://www.wikidata.org/wiki/Q13582243),[direct sum decomposition of a Lie algebra](https://mathgloss.github.io/MathGloss/chicago/direct_sum_decomposition_of_a_lie_algebra)
[Q1572094](https://www.wikidata.org/wiki/Q1572094),[product measure](https://mathgloss.github.io/MathGloss/chicago/product_measure)
[Q320357](https://www.wikidata.org/wiki/Q320357),[closed](https://mathgloss.github.io/MathGloss/chicago/closed)
[Q3038340](https://www.wikidata.org/wiki/Q3038340),[rectifiable](https://mathgloss.github.io/MathGloss/chicago/rectifiable)
[Q1046291](https://www.wikidata.org/wiki/Q1046291),[topological group](https://mathgloss.github.io/MathGloss/chicago/topological_group)
[Q55643339](https://www.wikidata.org/wiki/Q55643339),[relative cycle](https://mathgloss.github.io/MathGloss/chicago/relative_cycle)
[Q318598](https://www.wikidata.org/wiki/Q318598),[abelianization](https://mathgloss.github.io/MathGloss/chicago/abelianization)
[Q1411166](https://www.wikidata.org/wiki/Q1411166),[orthonormal](https://mathgloss.github.io/MathGloss/chicago/orthonormal)
[Q1138961](https://www.wikidata.org/wiki/Q1138961),[quotient by subgroup](https://mathgloss.github.io/MathGloss/chicago/quotient_by_subgroup)
[Q863912](https://www.wikidata.org/wiki/Q863912),[prime ideal](https://mathgloss.github.io/MathGloss/chicago/prime_ideal)
[Q438814](https://www.wikidata.org/wiki/Q438814),[alternating group](https://mathgloss.github.io/MathGloss/chicago/alternating_group)
[Q827230](https://www.wikidata.org/wiki/Q827230),[Lebesgue measure](https://mathgloss.github.io/MathGloss/chicago/lebesgue_measure)
[Q664495](https://www.wikidata.org/wiki/Q664495),[Lie algebra](https://mathgloss.github.io/MathGloss/chicago/lie_algebra)
[Q1455652](https://www.wikidata.org/wiki/Q1455652),[polynomial ring](https://mathgloss.github.io/MathGloss/chicago/polynomial_ring)
[Q848569](https://www.wikidata.org/wiki/Q848569),[complete metric space](https://mathgloss.github.io/MathGloss/chicago/complete_metric_space)
[Q14775269](https://www.wikidata.org/wiki/Q14775269),[homotopy category](https://mathgloss.github.io/MathGloss/chicago/homotopy_category)
[Q1393014](https://www.wikidata.org/wiki/Q1393014),[pre-measure](https://mathgloss.github.io/MathGloss/chicago/pre-measure)
[Q383851](https://www.wikidata.org/wiki/Q383851),[directional derivative](https://mathgloss.github.io/MathGloss/chicago/directional_derivative)
[Q849705](https://www.wikidata.org/wiki/Q849705),[characteristic polynomial](https://mathgloss.github.io/MathGloss/chicago/characteristic_polynomial)
[Q3229352](https://www.wikidata.org/wiki/Q3229352),[Vitali covering](https://mathgloss.github.io/MathGloss/chicago/vitali_covering)
[Q3459695](https://www.wikidata.org/wiki/Q3459695),[Banach-Mazur game](https://mathgloss.github.io/MathGloss/chicago/banach-mazur_game)
[Q734209](https://www.wikidata.org/wiki/Q734209),[generating set of a group](https://mathgloss.github.io/MathGloss/chicago/generating_set_of_a_group)
[Q215067](https://www.wikidata.org/wiki/Q215067),[orthogonal](https://mathgloss.github.io/MathGloss/chicago/orthogonal)
[Q747027](https://www.wikidata.org/wiki/Q747027),[characteristic subgroup](https://mathgloss.github.io/MathGloss/chicago/characteristic_subgroup)
[Q759832](https://www.wikidata.org/wiki/Q759832),[solvable group](https://mathgloss.github.io/MathGloss/chicago/solvable_group)
[Q55648664](https://www.wikidata.org/wiki/Q55648664),[subrepresentation](https://mathgloss.github.io/MathGloss/chicago/subrepresentation)
[Q506041](https://www.wikidata.org/wiki/Q506041),[Jacobian matrix](https://mathgloss.github.io/MathGloss/chicago/jacobian_matrix)
[Q193794](https://www.wikidata.org/wiki/Q193794),[identity matrix](https://mathgloss.github.io/MathGloss/chicago/identity_matrix)
[Q64861](https://www.wikidata.org/wiki/Q64861),[transitive](https://mathgloss.github.io/MathGloss/chicago/transitive)
[Q7520902](https://www.wikidata.org/wiki/Q7520902),[simplicial homology group](https://mathgloss.github.io/MathGloss/chicago/simplicial_homology_group)
[Q170058](https://www.wikidata.org/wiki/Q170058),[continuous](https://mathgloss.github.io/MathGloss/chicago/continuous)
[Q493941](https://www.wikidata.org/wiki/Q493941),[fibration](https://mathgloss.github.io/MathGloss/chicago/fibration)
[Q1969054](https://www.wikidata.org/wiki/Q1969054),[essential supremum](https://mathgloss.github.io/MathGloss/chicago/essential_supremum)
[Q7631151](https://www.wikidata.org/wiki/Q7631151),[subgraph](https://mathgloss.github.io/MathGloss/chicago/subgraph)
[Q77583424](https://www.wikidata.org/wiki/Q77583424),[Hermitian inner product](https://mathgloss.github.io/MathGloss/chicago/hermitian_inner_product)
[Q16977077](https://www.wikidata.org/wiki/Q16977077),[linear Lie algebra](https://mathgloss.github.io/MathGloss/chicago/linear_lie_algebra)
[Q1231309](https://www.wikidata.org/wiki/Q1231309),[division algebra](https://mathgloss.github.io/MathGloss/chicago/division_algebra)
[Q78323465](https://www.wikidata.org/wiki/Q78323465),[boundary homomorphism](https://mathgloss.github.io/MathGloss/chicago/boundary_homomorphism)
[Q78338964](https://www.wikidata.org/wiki/Q78338964),[smooth topological m-dimensional manifold with boundary](https://mathgloss.github.io/MathGloss/chicago/smooth_topological_m-dimensional_manifold_with_boundary)
[Q852973](https://www.wikidata.org/wiki/Q852973),[Euler characteristic of a graph](https://mathgloss.github.io/MathGloss/chicago/euler_characteristic_of_a_graph)
[Q3773126](https://www.wikidata.org/wiki/Q3773126),[symmetric derivative](https://mathgloss.github.io/MathGloss/chicago/symmetric_derivative)
[Q60790315](https://www.wikidata.org/wiki/Q60790315),[automorphism group](https://mathgloss.github.io/MathGloss/chicago/automorphism_group)
[Q4558786](https://www.wikidata.org/wiki/Q4558786),[closed edge path](https://mathgloss.github.io/MathGloss/chicago/closed_edge_path)
[Q170475](https://www.wikidata.org/wiki/Q170475),[oscillation](https://mathgloss.github.io/MathGloss/chicago/oscillation)
[Q11756524](https://www.wikidata.org/wiki/Q11756524),[p-adic integers](https://mathgloss.github.io/MathGloss/chicago/p-adic_integers)
[Q185813](https://www.wikidata.org/wiki/Q185813),[right identity element](https://mathgloss.github.io/MathGloss/chicago/right_identity_element)
[Q1442189](https://www.wikidata.org/wiki/Q1442189),[natural transformation](https://mathgloss.github.io/MathGloss/chicago/natural_transformation)
[Q13690522](https://www.wikidata.org/wiki/Q13690522),[irreducible representation](https://mathgloss.github.io/MathGloss/chicago/irreducible_representation)
[Q1500617](https://www.wikidata.org/wiki/Q1500617),[unitary group](https://mathgloss.github.io/MathGloss/chicago/unitary_group)
[Q98929882](https://www.wikidata.org/wiki/Q98929882),[multilinear](https://mathgloss.github.io/MathGloss/chicago/multilinear)
[Q516776](https://www.wikidata.org/wiki/Q516776),[measurable function](https://mathgloss.github.io/MathGloss/chicago/measurable_function)
[Q782566](https://www.wikidata.org/wiki/Q782566),[automorphism](https://mathgloss.github.io/MathGloss/chicago/automorphism)
[Q912058](https://www.wikidata.org/wiki/Q912058),[simply connected](https://mathgloss.github.io/MathGloss/chicago/simply_connected)
[Q16671984](https://www.wikidata.org/wiki/Q16671984),[locally path-connected](https://mathgloss.github.io/MathGloss/chicago/locally_path-connected)
[Q291126](https://www.wikidata.org/wiki/Q291126),[semidirect product](https://mathgloss.github.io/MathGloss/chicago/semidirect_product)
[Q5161408](https://www.wikidata.org/wiki/Q5161408),[connected category](https://mathgloss.github.io/MathGloss/chicago/connected_category)
[Q1415372](https://www.wikidata.org/wiki/Q1415372),[edge path](https://mathgloss.github.io/MathGloss/chicago/edge_path)
[Q519967](https://www.wikidata.org/wiki/Q519967),[projection](https://mathgloss.github.io/MathGloss/chicago/projection)
[Q1058314](https://www.wikidata.org/wiki/Q1058314),[diffeomorphism](https://mathgloss.github.io/MathGloss/chicago/diffeomorphism)
[Q27670](https://www.wikidata.org/wiki/Q27670),[linearly independent](https://mathgloss.github.io/MathGloss/chicago/linearly_independent)
[Q2360148](https://www.wikidata.org/wiki/Q2360148),[rule of sum](https://mathgloss.github.io/MathGloss/chicago/rule_of_sum)
[Q1017106](https://www.wikidata.org/wiki/Q1017106),[adjoint representation of a Lie group](https://mathgloss.github.io/MathGloss/chicago/adjoint_representation_of_a_lie_group)
[Q1196038](https://www.wikidata.org/wiki/Q1196038),[groupoid](https://mathgloss.github.io/MathGloss/chicago/groupoid)
[Q25447455](https://www.wikidata.org/wiki/Q25447455),[Lebesgue outer measure](https://mathgloss.github.io/MathGloss/chicago/lebesgue_outer_measure)
[Q4475749](https://www.wikidata.org/wiki/Q4475749),[universal covering space](https://mathgloss.github.io/MathGloss/chicago/universal_covering_space)
[Q4078260](https://www.wikidata.org/wiki/Q4078260),[barycentric subdivision](https://mathgloss.github.io/MathGloss/chicago/barycentric_subdivision)
[Q1353233](https://www.wikidata.org/wiki/Q1353233),[conjugacy classes](https://mathgloss.github.io/MathGloss/chicago/conjugacy_classes)
[Q3552958](https://www.wikidata.org/wiki/Q3552958),[C^r-form](https://mathgloss.github.io/MathGloss/chicago/c^r-form)
[Q17521172](https://www.wikidata.org/wiki/Q17521172),[general linear algebra](https://mathgloss.github.io/MathGloss/chicago/general_linear_algebra)
[Q986909](https://www.wikidata.org/wiki/Q986909),[class function](https://mathgloss.github.io/MathGloss/chicago/class_function)
[Q338057](https://www.wikidata.org/wiki/Q338057),[right inverse element](https://mathgloss.github.io/MathGloss/chicago/right_inverse_element)
[Q186475](https://www.wikidata.org/wiki/Q186475),[partial derivative](https://mathgloss.github.io/MathGloss/chicago/partial_derivative)
[Q684363](https://www.wikidata.org/wiki/Q684363),[special unitary group](https://mathgloss.github.io/MathGloss/chicago/special_unitary_group)
[Q574844](https://www.wikidata.org/wiki/Q574844),[kernel of group homomorphism](https://mathgloss.github.io/MathGloss/chicago/kernel_of_group_homomorphism)
[Q2748415](https://www.wikidata.org/wiki/Q2748415),[oriented manifold](https://mathgloss.github.io/MathGloss/chicago/oriented_manifold)
[Q381040](https://www.wikidata.org/wiki/Q381040),[complex conjugate](https://mathgloss.github.io/MathGloss/chicago/complex_conjugate)
[Q1138961](https://www.wikidata.org/wiki/Q1138961),[quotient by normal subgroup](https://mathgloss.github.io/MathGloss/chicago/quotient_by_normal_subgroup)
[Q203920](https://www.wikidata.org/wiki/Q203920),[manifold](https://mathgloss.github.io/MathGloss/chicago/manifold)
[Q728435](https://www.wikidata.org/wiki/Q728435),[vector subspace](https://mathgloss.github.io/MathGloss/chicago/vector_subspace)
[Q13582243](https://www.wikidata.org/wiki/Q13582243),[direct sum of Lie algebras](https://mathgloss.github.io/MathGloss/chicago/direct_sum_of_lie_algebras)
[Q1147242](https://www.wikidata.org/wiki/Q1147242),[symmetric difference](https://mathgloss.github.io/MathGloss/chicago/symmetric_difference)
[Q1080067](https://www.wikidata.org/wiki/Q1080067),[Borel σ-algebra](https://mathgloss.github.io/MathGloss/chicago/borel_σ-algebra)
[Q862761](https://www.wikidata.org/wiki/Q862761),[interior points of a manifold](https://mathgloss.github.io/MathGloss/chicago/interior_points_of_a_manifold)
[Q1464168](https://www.wikidata.org/wiki/Q1464168),[index of a subgroup](https://mathgloss.github.io/MathGloss/chicago/index_of_a_subgroup)
[Q205170](https://www.wikidata.org/wiki/Q205170),[power set](https://mathgloss.github.io/MathGloss/chicago/power_set)
[Q3139500](https://www.wikidata.org/wiki/Q3139500),[holomorph of a group](https://mathgloss.github.io/MathGloss/chicago/holomorph_of_a_group)
[Q768074](https://www.wikidata.org/wiki/Q768074),[Weyl group](https://mathgloss.github.io/MathGloss/chicago/weyl_group)
[Q338057](https://www.wikidata.org/wiki/Q338057),[inverse element](https://mathgloss.github.io/MathGloss/chicago/inverse_element)
[Q39297](https://www.wikidata.org/wiki/Q39297),[volume of a rectifiable set](https://mathgloss.github.io/MathGloss/chicago/volume_of_a_rectifiable_set)
[Q768656](https://www.wikidata.org/wiki/Q768656),[convergence in measure](https://mathgloss.github.io/MathGloss/chicago/convergence_in_measure)
[Q660730](https://www.wikidata.org/wiki/Q660730),[subspace topology](https://mathgloss.github.io/MathGloss/chicago/subspace_topology)
[Q1136376](https://www.wikidata.org/wiki/Q1136376),[support](https://mathgloss.github.io/MathGloss/chicago/support)
[Q1064405](https://www.wikidata.org/wiki/Q1064405),[sign of permutation](https://mathgloss.github.io/MathGloss/chicago/sign_of_permutation)
[Q288465](https://www.wikidata.org/wiki/Q288465),[group action](https://mathgloss.github.io/MathGloss/chicago/group_action)
[Q178546](https://www.wikidata.org/wiki/Q178546),[determinant](https://mathgloss.github.io/MathGloss/chicago/determinant)
[Q286972](https://www.wikidata.org/wiki/Q286972),[p-primary component of an abelian group](https://mathgloss.github.io/MathGloss/chicago/p-primary_component_of_an_abelian_group)
[Q189061](https://www.wikidata.org/wiki/Q189061),[CW complex](https://mathgloss.github.io/MathGloss/chicago/cw_complex)
[Q5156554](https://www.wikidata.org/wiki/Q5156554),[complex Lie group](https://mathgloss.github.io/MathGloss/chicago/complex_lie_group)
[Q1322614](https://www.wikidata.org/wiki/Q1322614),[colimit](https://mathgloss.github.io/MathGloss/chicago/colimit)
[Q72535212](https://www.wikidata.org/wiki/Q72535212),[weight space](https://mathgloss.github.io/MathGloss/chicago/weight_space)
[Q2602722](https://www.wikidata.org/wiki/Q2602722),[group ring](https://mathgloss.github.io/MathGloss/chicago/group_ring)
[Q2706744](https://www.wikidata.org/wiki/Q2706744),[G-invariant subspace](https://mathgloss.github.io/MathGloss/chicago/g-invariant_subspace)
[Q1747745](https://www.wikidata.org/wiki/Q1747745),[meager](https://mathgloss.github.io/MathGloss/chicago/meager)
[Q1491995](https://www.wikidata.org/wiki/Q1491995),[connected](https://mathgloss.github.io/MathGloss/chicago/connected)
[Q980509](https://www.wikidata.org/wiki/Q980509),[embedding](https://mathgloss.github.io/MathGloss/chicago/embedding)
[Q466109](https://www.wikidata.org/wiki/Q466109),[subgroup](https://mathgloss.github.io/MathGloss/chicago/subgroup)
[Q17859776](https://www.wikidata.org/wiki/Q17859776),[orbit](https://mathgloss.github.io/MathGloss/chicago/orbit)
[Q567083](https://www.wikidata.org/wiki/Q567083),[annihilator of a submodule](https://mathgloss.github.io/MathGloss/chicago/annihilator_of_a_submodule)
[Q214159](https://www.wikidata.org/wiki/Q214159),[inner product space](https://mathgloss.github.io/MathGloss/chicago/inner_product_space)
[Q4370335](https://www.wikidata.org/wiki/Q4370335),[complete category](https://mathgloss.github.io/MathGloss/chicago/complete_category)
[Q1055807](https://www.wikidata.org/wiki/Q1055807),[group representation](https://mathgloss.github.io/MathGloss/chicago/group_representation)
[Q4265744](https://www.wikidata.org/wiki/Q4265744),[local homology groups](https://mathgloss.github.io/MathGloss/chicago/local_homology_groups)
[Q180907](https://www.wikidata.org/wiki/Q180907),[bijective](https://mathgloss.github.io/MathGloss/chicago/bijective)
[Q2366896](https://www.wikidata.org/wiki/Q2366896),[semisimple Lie algebra](https://mathgloss.github.io/MathGloss/chicago/semisimple_lie_algebra)
[Q3882299](https://www.wikidata.org/wiki/Q3882299),[Lie algebra homomorphism](https://mathgloss.github.io/MathGloss/chicago/lie_algebra_homomorphism)
[Q286972](https://www.wikidata.org/wiki/Q286972),[p-group](https://mathgloss.github.io/MathGloss/chicago/p-group)
[Q867345](https://www.wikidata.org/wiki/Q867345),[Euclidean domain](https://mathgloss.github.io/MathGloss/chicago/euclidean_domain)
[Q2706744](https://www.wikidata.org/wiki/Q2706744),[invariant subspace](https://mathgloss.github.io/MathGloss/chicago/invariant_subspace)
[Q1052579](https://www.wikidata.org/wiki/Q1052579),[unique factorization domain](https://mathgloss.github.io/MathGloss/chicago/unique_factorization_domain)
[Q1226939](https://www.wikidata.org/wiki/Q1226939),[division in a ring](https://mathgloss.github.io/MathGloss/chicago/division_in_a_ring)
[Q727103](https://www.wikidata.org/wiki/Q727103),[unitary matrix](https://mathgloss.github.io/MathGloss/chicago/unitary_matrix)
[Q47007889](https://www.wikidata.org/wiki/Q47007889),[cocomplete category](https://mathgloss.github.io/MathGloss/chicago/cocomplete_category)
[Q2748415](https://www.wikidata.org/wiki/Q2748415),[orientation](https://mathgloss.github.io/MathGloss/chicago/orientation)
[Q2858846](https://www.wikidata.org/wiki/Q2858846),[adjoint of a linear transformation](https://mathgloss.github.io/MathGloss/chicago/adjoint_of_a_linear_transformation)
[Q956233](https://www.wikidata.org/wiki/Q956233),[simple module](https://mathgloss.github.io/MathGloss/chicago/simple_module)
[Q3754024](https://www.wikidata.org/wiki/Q3754024),[critical value](https://mathgloss.github.io/MathGloss/chicago/critical_value)
[Q110571247](https://www.wikidata.org/wiki/Q110571247),[ring norm](https://mathgloss.github.io/MathGloss/chicago/ring_norm)
[Q332648](https://www.wikidata.org/wiki/Q332648),[regular covering space](https://mathgloss.github.io/MathGloss/chicago/regular_covering_space)
[Q1432554](https://www.wikidata.org/wiki/Q1432554),[quotient of modules](https://mathgloss.github.io/MathGloss/chicago/quotient_of_modules)
[Q185148](https://www.wikidata.org/wiki/Q185148),[interval](https://mathgloss.github.io/MathGloss/chicago/interval)
[Q1047080](https://www.wikidata.org/wiki/Q1047080),[differential k-form](https://mathgloss.github.io/MathGloss/chicago/differential_k-form)
[Q2976036](https://www.wikidata.org/wiki/Q2976036),[Baire class](https://mathgloss.github.io/MathGloss/chicago/baire_class)
[Q15148889](https://www.wikidata.org/wiki/Q15148889),[nilpotent Lie algebra](https://mathgloss.github.io/MathGloss/chicago/nilpotent_lie_algebra)
[Q1782332](https://www.wikidata.org/wiki/Q1782332),[divisible group](https://mathgloss.github.io/MathGloss/chicago/divisible_group)
[Q956437](https://www.wikidata.org/wiki/Q956437),[normed linear space](https://mathgloss.github.io/MathGloss/chicago/normed_linear_space)
[Q1047307](https://www.wikidata.org/wiki/Q1047307),[bundle](https://mathgloss.github.io/MathGloss/chicago/bundle)
[Q189112](https://www.wikidata.org/wiki/Q189112),[isomorphism of Lie groups](https://mathgloss.github.io/MathGloss/chicago/isomorphism_of_lie_groups)
[Q19619110](https://www.wikidata.org/wiki/Q19619110),[small category](https://mathgloss.github.io/MathGloss/chicago/small_category)
[Q111783780](https://www.wikidata.org/wiki/Q111783780),[linearly dependent](https://mathgloss.github.io/MathGloss/chicago/linearly_dependent)
[Q7844662](https://www.wikidata.org/wiki/Q7844662),[trivial group representation](https://mathgloss.github.io/MathGloss/chicago/trivial_group_representation)
[Q17098238](https://www.wikidata.org/wiki/Q17098238),[isotypic component](https://mathgloss.github.io/MathGloss/chicago/isotypic_component)
[Q245462](https://www.wikidata.org/wiki/Q245462),[cyclic group](https://mathgloss.github.io/MathGloss/chicago/cyclic_group)
[Q1191319](https://www.wikidata.org/wiki/Q1191319),[Radon-Nikodym derivative](https://mathgloss.github.io/MathGloss/chicago/radon-nikodym_derivative)
[Q1824450](https://www.wikidata.org/wiki/Q1824450),[singular measure](https://mathgloss.github.io/MathGloss/chicago/singular_measure)
[Q1626409](https://www.wikidata.org/wiki/Q1626409),[homotopy equivalence of paths](https://mathgloss.github.io/MathGloss/chicago/homotopy_equivalence_of_paths)
[Q44337](https://www.wikidata.org/wiki/Q44337),[matrix](https://mathgloss.github.io/MathGloss/chicago/matrix)
[Q190109](https://www.wikidata.org/wiki/Q190109),[field](https://mathgloss.github.io/MathGloss/chicago/field)
[Q1969054](https://www.wikidata.org/wiki/Q1969054),[essentially bounded](https://mathgloss.github.io/MathGloss/chicago/essentially_bounded)
[Q511093](https://www.wikidata.org/wiki/Q511093),[barycenter](https://mathgloss.github.io/MathGloss/chicago/barycenter)
[Q191690](https://www.wikidata.org/wiki/Q191690),[partition of unity](https://mathgloss.github.io/MathGloss/chicago/partition_of_unity)
[Q331350](https://www.wikidata.org/wiki/Q331350),[open simplex](https://mathgloss.github.io/MathGloss/chicago/open_simplex)
[Q868169](https://www.wikidata.org/wiki/Q868169),[group homomorphism](https://mathgloss.github.io/MathGloss/chicago/group_homomorphism)
[Q1203540](https://www.wikidata.org/wiki/Q1203540),[maximal ring ideal](https://mathgloss.github.io/MathGloss/chicago/maximal_ring_ideal)
[Q189569](https://www.wikidata.org/wiki/Q189569),[basis](https://mathgloss.github.io/MathGloss/chicago/basis)
[Q97623888](https://www.wikidata.org/wiki/Q97623888),[comeager](https://mathgloss.github.io/MathGloss/chicago/comeager)
[Q207348](https://www.wikidata.org/wiki/Q207348),[semigroup](https://mathgloss.github.io/MathGloss/chicago/semigroup)
[Q1764371](https://www.wikidata.org/wiki/Q1764371),[signed measure](https://mathgloss.github.io/MathGloss/chicago/signed_measure)
[Q1761084](https://www.wikidata.org/wiki/Q1761084),[finite length R-module](https://mathgloss.github.io/MathGloss/chicago/finite_length_r-module)
[Q202906](https://www.wikidata.org/wiki/Q202906),[homeomorphism](https://mathgloss.github.io/MathGloss/chicago/homeomorphism)
[Q52088805](https://www.wikidata.org/wiki/Q52088805),[orthogonal algebra](https://mathgloss.github.io/MathGloss/chicago/orthogonal_algebra)
[Q929302](https://www.wikidata.org/wiki/Q929302),[dimension of group representation](https://mathgloss.github.io/MathGloss/chicago/dimension_of_group_representation)
[Q451323](https://www.wikidata.org/wiki/Q451323),[outer derivation](https://mathgloss.github.io/MathGloss/chicago/outer_derivation)
[Q1136782](https://www.wikidata.org/wiki/Q1136782),[Lie algebra representation](https://mathgloss.github.io/MathGloss/chicago/lie_algebra_representation)
[Q11498021](https://www.wikidata.org/wiki/Q11498021),[character table](https://mathgloss.github.io/MathGloss/chicago/character_table)
[Q913022](https://www.wikidata.org/wiki/Q913022),[simple function](https://mathgloss.github.io/MathGloss/chicago/simple_function)
[Q2748415](https://www.wikidata.org/wiki/Q2748415),[orientable](https://mathgloss.github.io/MathGloss/chicago/orientable)
[Q4379157](https://www.wikidata.org/wiki/Q4379157),[adjoint representation of a Lie algebra](https://mathgloss.github.io/MathGloss/chicago/adjoint_representation_of_a_lie_algebra)
[Q1369621](https://www.wikidata.org/wiki/Q1369621),[Schwartz space](https://mathgloss.github.io/MathGloss/chicago/schwartz_space)
[Q1139111](https://www.wikidata.org/wiki/Q1139111),[quotient of topological spaces](https://mathgloss.github.io/MathGloss/chicago/quotient_of_topological_spaces)
[Q2140900](https://www.wikidata.org/wiki/Q2140900),[special linear group](https://mathgloss.github.io/MathGloss/chicago/special_linear_group)
[Q1428110](https://www.wikidata.org/wiki/Q1428110),[regular](https://mathgloss.github.io/MathGloss/chicago/regular)
[Q193657](https://www.wikidata.org/wiki/Q193657),[convex set](https://mathgloss.github.io/MathGloss/chicago/convex_set)
[Q868169](https://www.wikidata.org/wiki/Q868169),[homomorphism of Lie groups](https://mathgloss.github.io/MathGloss/chicago/homomorphism_of_lie_groups)
[Q726212](https://www.wikidata.org/wiki/Q726212),[bounded](https://mathgloss.github.io/MathGloss/chicago/bounded)
[Q2748415](https://www.wikidata.org/wiki/Q2748415),[outward pointing](https://mathgloss.github.io/MathGloss/chicago/outward_pointing)
[Q1069099](https://www.wikidata.org/wiki/Q1069099),[normal-form game](https://mathgloss.github.io/MathGloss/chicago/normal-form_game)
[Q7134470](https://www.wikidata.org/wiki/Q7134470),[paradoxical set](https://mathgloss.github.io/MathGloss/chicago/paradoxical_set)
[Q628792](https://www.wikidata.org/wiki/Q628792),[integral domain](https://mathgloss.github.io/MathGloss/chicago/integral_domain)
[Q44649](https://www.wikidata.org/wiki/Q44649),[ideal of a Lie algebra](https://mathgloss.github.io/MathGloss/chicago/ideal_of_a_lie_algebra)
[Q13408581](https://www.wikidata.org/wiki/Q13408581),[exterior power of group representations](https://mathgloss.github.io/MathGloss/chicago/exterior_power_of_group_representations)
[Q2293759](https://www.wikidata.org/wiki/Q2293759),[torsion subgroup](https://mathgloss.github.io/MathGloss/chicago/torsion_subgroup)
[Q1340572](https://www.wikidata.org/wiki/Q1340572),[finitely generated R-module](https://mathgloss.github.io/MathGloss/chicago/finitely_generated_r-module)
[Q2495534](https://www.wikidata.org/wiki/Q2495534),[unitary transformation](https://mathgloss.github.io/MathGloss/chicago/unitary_transformation)
[Q182598](https://www.wikidata.org/wiki/Q182598),[graph of a function](https://mathgloss.github.io/MathGloss/chicago/graph_of_a_function)
[Q189112](https://www.wikidata.org/wiki/Q189112),[isomorphism of group representations](https://mathgloss.github.io/MathGloss/chicago/isomorphism_of_group_representations)
[Q177251](https://www.wikidata.org/wiki/Q177251),[associative](https://mathgloss.github.io/MathGloss/chicago/associative)
[Q321102](https://www.wikidata.org/wiki/Q321102),[trace](https://mathgloss.github.io/MathGloss/chicago/trace)
[Q1755242](https://www.wikidata.org/wiki/Q1755242),[nilpotent group](https://mathgloss.github.io/MathGloss/chicago/nilpotent_group)
[Q741865](https://www.wikidata.org/wiki/Q741865),[uniformly continuous](https://mathgloss.github.io/MathGloss/chicago/uniformly_continuous)
[Q25106477](https://www.wikidata.org/wiki/Q25106477),[generate an R-module](https://mathgloss.github.io/MathGloss/chicago/generate_an_r-module)
[Q2525646](https://www.wikidata.org/wiki/Q2525646),[composition series of a group](https://mathgloss.github.io/MathGloss/chicago/composition_series_of_a_group)
[Q875399](https://www.wikidata.org/wiki/Q875399),[boundary](https://mathgloss.github.io/MathGloss/chicago/boundary)
[Q91267214](https://www.wikidata.org/wiki/Q91267214),[discrete topology](https://mathgloss.github.io/MathGloss/chicago/discrete_topology)
[Q326908](https://www.wikidata.org/wiki/Q326908),[Hausdorff](https://mathgloss.github.io/MathGloss/chicago/hausdorff)
[Q3058212](https://www.wikidata.org/wiki/Q3058212),[measure space](https://mathgloss.github.io/MathGloss/chicago/measure_space)
[Q1632419](https://www.wikidata.org/wiki/Q1632419),[Pontryagin dual](https://mathgloss.github.io/MathGloss/chicago/pontryagin_dual)
[Q1333611](https://www.wikidata.org/wiki/Q1333611),[embedded m-dimensional manifold with boundary](https://mathgloss.github.io/MathGloss/chicago/embedded_m-dimensional_manifold_with_boundary)
[Q212130](https://www.wikidata.org/wiki/Q212130),[cycle](https://mathgloss.github.io/MathGloss/chicago/cycle)
[Q272735](https://www.wikidata.org/wiki/Q272735),[tree](https://mathgloss.github.io/MathGloss/chicago/tree)
[Q217847](https://www.wikidata.org/wiki/Q217847),[Cauchy sequence](https://mathgloss.github.io/MathGloss/chicago/cauchy_sequence)
[Q3828144](https://www.wikidata.org/wiki/Q3828144),[chart](https://mathgloss.github.io/MathGloss/chicago/chart)
[Q2444982](https://www.wikidata.org/wiki/Q2444982),[Noetherian module](https://mathgloss.github.io/MathGloss/chicago/noetherian_module)
[Q978505](https://www.wikidata.org/wiki/Q978505),[pullback along a diffeomorphism](https://mathgloss.github.io/MathGloss/chicago/pullback_along_a_diffeomorphism)
[Q54555759](https://www.wikidata.org/wiki/Q54555759),[order of a group element](https://mathgloss.github.io/MathGloss/chicago/order_of_a_group_element)
[Q55631370](https://www.wikidata.org/wiki/Q55631370),[refinement](https://mathgloss.github.io/MathGloss/chicago/refinement)
[Q194397](https://www.wikidata.org/wiki/Q194397),[Banach space](https://mathgloss.github.io/MathGloss/chicago/banach_space)
[Q13408581](https://www.wikidata.org/wiki/Q13408581),[exterior power of a vector space](https://mathgloss.github.io/MathGloss/chicago/exterior_power_of_a_vector_space)
[Q1135427](https://www.wikidata.org/wiki/Q1135427),[sequentially compact](https://mathgloss.github.io/MathGloss/chicago/sequentially_compact)
[Q1211071](https://www.wikidata.org/wiki/Q1211071),[equivalence class](https://mathgloss.github.io/MathGloss/chicago/equivalence_class)
[Q16908484](https://www.wikidata.org/wiki/Q16908484),[maximal subgroup](https://mathgloss.github.io/MathGloss/chicago/maximal_subgroup)
[Q1163016](https://www.wikidata.org/wiki/Q1163016),[tensor product of vector spaces](https://mathgloss.github.io/MathGloss/chicago/tensor_product_of_vector_spaces)
[Q810193](https://www.wikidata.org/wiki/Q810193),[basis for abelian group](https://mathgloss.github.io/MathGloss/chicago/basis_for_abelian_group)
[Q2141963](https://www.wikidata.org/wiki/Q2141963),[deformation retraction](https://mathgloss.github.io/MathGloss/chicago/deformation_retraction)
[Q582271](https://www.wikidata.org/wiki/Q582271),[Noetherian ring](https://mathgloss.github.io/MathGloss/chicago/noetherian_ring)
[Q829653](https://www.wikidata.org/wiki/Q829653),[bounded variation](https://mathgloss.github.io/MathGloss/chicago/bounded_variation)
[Q1307987](https://www.wikidata.org/wiki/Q1307987),[suspension](https://mathgloss.github.io/MathGloss/chicago/suspension)
[Q7977932](https://www.wikidata.org/wiki/Q7977932),[weak Hausdorff](https://mathgloss.github.io/MathGloss/chicago/weak_hausdorff)
[Q2989575](https://www.wikidata.org/wiki/Q2989575),[irreducible element of an integral domain](https://mathgloss.github.io/MathGloss/chicago/irreducible_element_of_an_integral_domain)
[Q3139849](https://www.wikidata.org/wiki/Q3139849),[cellular homology groups](https://mathgloss.github.io/MathGloss/chicago/cellular_homology_groups)
[Q2243424](https://www.wikidata.org/wiki/Q2243424),[idempotent](https://mathgloss.github.io/MathGloss/chicago/idempotent)
[Q97623888](https://www.wikidata.org/wiki/Q97623888),[nonmeager](https://mathgloss.github.io/MathGloss/chicago/nonmeager)
[Q81376506](https://www.wikidata.org/wiki/Q81376506),[semisimple representation of a Lie algebra](https://mathgloss.github.io/MathGloss/chicago/semisimple_representation_of_a_lie_algebra)
[Q176244](https://www.wikidata.org/wiki/Q176244),[Frattini subgroup](https://mathgloss.github.io/MathGloss/chicago/frattini_subgroup)
[Q557624](https://www.wikidata.org/wiki/Q557624),[rule of product](https://mathgloss.github.io/MathGloss/chicago/rule_of_product)
[Q1936288](https://www.wikidata.org/wiki/Q1936288),[total variation](https://mathgloss.github.io/MathGloss/chicago/total_variation)
[Q1761121](https://www.wikidata.org/wiki/Q1761121),[normalizer of a group](https://mathgloss.github.io/MathGloss/chicago/normalizer_of_a_group)
[Q936434](https://www.wikidata.org/wiki/Q936434),[real symplectic group](https://mathgloss.github.io/MathGloss/chicago/real_symplectic_group)
[Q13582243](https://www.wikidata.org/wiki/Q13582243),[direct sum of group representations](https://mathgloss.github.io/MathGloss/chicago/direct_sum_of_group_representations)
[Q746083](https://www.wikidata.org/wiki/Q746083),[homotopy](https://mathgloss.github.io/MathGloss/chicago/homotopy)
[Q743179](https://www.wikidata.org/wiki/Q743179),[normal subgroup](https://mathgloss.github.io/MathGloss/chicago/normal_subgroup)
[Q3487687](https://www.wikidata.org/wiki/Q3487687),[path-connected](https://mathgloss.github.io/MathGloss/chicago/path-connected)
[Q650741](https://www.wikidata.org/wiki/Q650741),[division ring](https://mathgloss.github.io/MathGloss/chicago/division_ring)
[Q381892](https://www.wikidata.org/wiki/Q381892),[compact](https://mathgloss.github.io/MathGloss/chicago/compact)
[Q1347208](https://www.wikidata.org/wiki/Q1347208),[epimorphism](https://mathgloss.github.io/MathGloss/chicago/epimorphism)
[Q516776](https://www.wikidata.org/wiki/Q516776),[Lebesgue measurable function](https://mathgloss.github.io/MathGloss/chicago/lebesgue_measurable_function)
[Q1991405](https://www.wikidata.org/wiki/Q1991405),[nowhere dense](https://mathgloss.github.io/MathGloss/chicago/nowhere_dense)
[Q619436](https://www.wikidata.org/wiki/Q619436),[quotient ring](https://mathgloss.github.io/MathGloss/chicago/quotient_ring)
[Q2914509](https://www.wikidata.org/wiki/Q2914509),[nullity](https://mathgloss.github.io/MathGloss/chicago/nullity)
[Q1048949](https://www.wikidata.org/wiki/Q1048949),[cofibration](https://mathgloss.github.io/MathGloss/chicago/cofibration)
[Q902017](https://www.wikidata.org/wiki/Q902017),[matrix logarithm](https://mathgloss.github.io/MathGloss/chicago/matrix_logarithm)
[Q2126650](https://www.wikidata.org/wiki/Q2126650),[Radon measure](https://mathgloss.github.io/MathGloss/chicago/radon_measure)
[Q203484](https://www.wikidata.org/wiki/Q203484),[Laplacian](https://mathgloss.github.io/MathGloss/chicago/laplacian)
[Q909601](https://www.wikidata.org/wiki/Q909601),[tangent space](https://mathgloss.github.io/MathGloss/chicago/tangent_space)
[Q180953](https://www.wikidata.org/wiki/Q180953),[metric space](https://mathgloss.github.io/MathGloss/chicago/metric_space)
[Q577705](https://www.wikidata.org/wiki/Q577705),[critical point](https://mathgloss.github.io/MathGloss/chicago/critical_point)
[Q305936](https://www.wikidata.org/wiki/Q305936),[Lp space](https://mathgloss.github.io/MathGloss/chicago/lp_space)
[Q217608](https://www.wikidata.org/wiki/Q217608),[group action invariants](https://mathgloss.github.io/MathGloss/chicago/group_action_invariants)
[Q10260753](https://www.wikidata.org/wiki/Q10260753),[topological field](https://mathgloss.github.io/MathGloss/chicago/topological_field)
[Q724975](https://www.wikidata.org/wiki/Q724975),[Gaussian integers](https://mathgloss.github.io/MathGloss/chicago/gaussian_integers)
[Q1361393](https://www.wikidata.org/wiki/Q1361393),[Lusin function](https://mathgloss.github.io/MathGloss/chicago/lusin_function)
[Q104752](https://www.wikidata.org/wiki/Q104752),[coprime](https://mathgloss.github.io/MathGloss/chicago/coprime)
[Q55643402](https://www.wikidata.org/wiki/Q55643402),[symmetric power of group representations](https://mathgloss.github.io/MathGloss/chicago/symmetric_power_of_group_representations)
[Q636889](https://www.wikidata.org/wiki/Q636889),[differentiable](https://mathgloss.github.io/MathGloss/chicago/differentiable)
[Q1052034](https://www.wikidata.org/wiki/Q1052034),[positive definite](https://mathgloss.github.io/MathGloss/chicago/positive_definite)
[Q257](https://www.wikidata.org/wiki/Q257),[Mandelbrot set](https://mathgloss.github.io/MathGloss/chicago/mandelbrot_set)
[Q1393796](https://www.wikidata.org/wiki/Q1393796),[quotient vector space](https://mathgloss.github.io/MathGloss/chicago/quotient_vector_space)
[Q751969](https://www.wikidata.org/wiki/Q751969),[left coset](https://mathgloss.github.io/MathGloss/chicago/left_coset)
[Q173582](https://www.wikidata.org/wiki/Q173582),[gradient](https://mathgloss.github.io/MathGloss/chicago/gradient)
[Q4820423](https://www.wikidata.org/wiki/Q4820423),[augmentation ideal](https://mathgloss.github.io/MathGloss/chicago/augmentation_ideal)
[Q273188](https://www.wikidata.org/wiki/Q273188),[Cantor set](https://mathgloss.github.io/MathGloss/chicago/cantor_set)
[Q1143969](https://www.wikidata.org/wiki/Q1143969),[principal ideal domain](https://mathgloss.github.io/MathGloss/chicago/principal_ideal_domain)
[Q697181](https://www.wikidata.org/wiki/Q697181),[Riemann integrable](https://mathgloss.github.io/MathGloss/chicago/riemann_integrable)
[Q2291918](https://www.wikidata.org/wiki/Q2291918),[skeleton of a category](https://mathgloss.github.io/MathGloss/chicago/skeleton_of_a_category)
[Q15079592](https://www.wikidata.org/wiki/Q15079592),[game](https://mathgloss.github.io/MathGloss/chicago/game)
[Q662830](https://www.wikidata.org/wiki/Q662830),[fundamental group](https://mathgloss.github.io/MathGloss/chicago/fundamental_group)
[Q1322614](https://www.wikidata.org/wiki/Q1322614),[limit of a D-shaped diagram](https://mathgloss.github.io/MathGloss/chicago/limit_of_a_d-shaped_diagram)
[Q1014869](https://www.wikidata.org/wiki/Q1014869),[mapping cylinder](https://mathgloss.github.io/MathGloss/chicago/mapping_cylinder)
[Q1082910](https://www.wikidata.org/wiki/Q1082910),[partition of an integer](https://mathgloss.github.io/MathGloss/chicago/partition_of_an_integer)
[Q621461](https://www.wikidata.org/wiki/Q621461),[symmetric](https://mathgloss.github.io/MathGloss/chicago/symmetric)
[Q44649](https://www.wikidata.org/wiki/Q44649),[left ring ideal](https://mathgloss.github.io/MathGloss/chicago/left_ring_ideal)
[Q1142889](https://www.wikidata.org/wiki/Q1142889),[isolated point](https://mathgloss.github.io/MathGloss/chicago/isolated_point)
[Q633815](https://www.wikidata.org/wiki/Q633815),[real projective space](https://mathgloss.github.io/MathGloss/chicago/real_projective_space)
[Q217357](https://www.wikidata.org/wiki/Q217357),[σ-algebra](https://mathgloss.github.io/MathGloss/chicago/σ-algebra)
[Q17102802](https://www.wikidata.org/wiki/Q17102802),[rng](https://mathgloss.github.io/MathGloss/chicago/rng)
[Q673444](https://www.wikidata.org/wiki/Q673444),[dense](https://mathgloss.github.io/MathGloss/chicago/dense)
[Q12715503](https://www.wikidata.org/wiki/Q12715503),[homology class](https://mathgloss.github.io/MathGloss/chicago/homology_class)
[Q13408581](https://www.wikidata.org/wiki/Q13408581),[exterior power of linear transformation](https://mathgloss.github.io/MathGloss/chicago/exterior_power_of_linear_transformation)
[Q190056](https://www.wikidata.org/wiki/Q190056),[Hilbert space](https://mathgloss.github.io/MathGloss/chicago/hilbert_space)
[Q862761](https://www.wikidata.org/wiki/Q862761),[interior](https://mathgloss.github.io/MathGloss/chicago/interior)
[Q2147620](https://www.wikidata.org/wiki/Q2147620),[locally compact group](https://mathgloss.github.io/MathGloss/chicago/locally_compact_group)
[Q1139334](https://www.wikidata.org/wiki/Q1139334),[almost everywhere](https://mathgloss.github.io/MathGloss/chicago/almost_everywhere)
[Q621850](https://www.wikidata.org/wiki/Q621850),[reflexive](https://mathgloss.github.io/MathGloss/chicago/reflexive)
[Q511093](https://www.wikidata.org/wiki/Q511093),[centroid](https://mathgloss.github.io/MathGloss/chicago/centroid)
[Q1144780](https://www.wikidata.org/wiki/Q1144780),[homology group](https://mathgloss.github.io/MathGloss/chicago/homology_group)
[Q49008](https://www.wikidata.org/wiki/Q49008),[prime number](https://mathgloss.github.io/MathGloss/chicago/prime_number)
[Q333871](https://www.wikidata.org/wiki/Q333871),[orthogonal matrix](https://mathgloss.github.io/MathGloss/chicago/orthogonal_matrix)
[Q1292333](https://www.wikidata.org/wiki/Q1292333),[free module](https://mathgloss.github.io/MathGloss/chicago/free_module)
[Q1633079](https://www.wikidata.org/wiki/Q1633079),[pushout](https://mathgloss.github.io/MathGloss/chicago/pushout)
[Q1363919](https://www.wikidata.org/wiki/Q1363919),[second-countable](https://mathgloss.github.io/MathGloss/chicago/second-countable)
[Q929302](https://www.wikidata.org/wiki/Q929302),[dimension of vector space](https://mathgloss.github.io/MathGloss/chicago/dimension_of_vector_space)
[Q1201815](https://www.wikidata.org/wiki/Q1201815),[measure zero](https://mathgloss.github.io/MathGloss/chicago/measure_zero)
[Q1780921](https://www.wikidata.org/wiki/Q1780921),[orthogonal complement](https://mathgloss.github.io/MathGloss/chicago/orthogonal_complement)
[Q571124](https://www.wikidata.org/wiki/Q571124),[simple group](https://mathgloss.github.io/MathGloss/chicago/simple_group)
[Q18848](https://www.wikidata.org/wiki/Q18848),[module over a Lie algebra](https://mathgloss.github.io/MathGloss/chicago/module_over_a_lie_algebra)
[Q1334417](https://www.wikidata.org/wiki/Q1334417),[Lorentz group](https://mathgloss.github.io/MathGloss/chicago/lorentz_group)
[Q131752](https://www.wikidata.org/wiki/Q131752),[greatest common divisor](https://mathgloss.github.io/MathGloss/chicago/greatest_common_divisor)
[Q225107](https://www.wikidata.org/wiki/Q225107),[adjugate](https://mathgloss.github.io/MathGloss/chicago/adjugate)
[Q3555174](https://www.wikidata.org/wiki/Q3555174),[eigenvector](https://mathgloss.github.io/MathGloss/chicago/eigenvector)
[Q976375](https://www.wikidata.org/wiki/Q976375),[inner regular](https://mathgloss.github.io/MathGloss/chicago/inner_regular)
[Q1340800](https://www.wikidata.org/wiki/Q1340800),[endomorphism](https://mathgloss.github.io/MathGloss/chicago/endomorphism)
[Q181296](https://www.wikidata.org/wiki/Q181296),[abelian group](https://mathgloss.github.io/MathGloss/chicago/abelian_group)
[Q864475](https://www.wikidata.org/wiki/Q864475),[functor](https://mathgloss.github.io/MathGloss/chicago/functor)
[Q1260803](https://www.wikidata.org/wiki/Q1260803),[rank of a finitely generated abelian group](https://mathgloss.github.io/MathGloss/chicago/rank_of_a_finitely_generated_abelian_group)
[Q20850777](https://www.wikidata.org/wiki/Q20850777),[weak convergence](https://mathgloss.github.io/MathGloss/chicago/weak_convergence)
[Q332648](https://www.wikidata.org/wiki/Q332648),[covering space](https://mathgloss.github.io/MathGloss/chicago/covering_space)
[Q16897605](https://www.wikidata.org/wiki/Q16897605),[fiber translation functor](https://mathgloss.github.io/MathGloss/chicago/fiber_translation_functor)
[Q141488](https://www.wikidata.org/wiki/Q141488),[graph](https://mathgloss.github.io/MathGloss/chicago/graph)
[Q431078](https://www.wikidata.org/wiki/Q431078),[free group](https://mathgloss.github.io/MathGloss/chicago/free_group)
[Q860609](https://www.wikidata.org/wiki/Q860609),[ordinary generating function](https://mathgloss.github.io/MathGloss/chicago/ordinary_generating_function)
[Q20827138](https://www.wikidata.org/wiki/Q20827138),[absolute continuity of measure](https://mathgloss.github.io/MathGloss/chicago/absolute_continuity_of_measure)
[Q185813](https://www.wikidata.org/wiki/Q185813),[left identity element](https://mathgloss.github.io/MathGloss/chicago/left_identity_element)
[Q956437](https://www.wikidata.org/wiki/Q956437),[norm](https://mathgloss.github.io/MathGloss/chicago/norm)
[Q189569](https://www.wikidata.org/wiki/Q189569),[Hamel basis](https://mathgloss.github.io/MathGloss/chicago/hamel_basis)
[Q1194212](https://www.wikidata.org/wiki/Q1194212),[ring homomorphism](https://mathgloss.github.io/MathGloss/chicago/ring_homomorphism)
[Q922339](https://www.wikidata.org/wiki/Q922339),[topological ring](https://mathgloss.github.io/MathGloss/chicago/topological_ring)
[Q2589508](https://www.wikidata.org/wiki/Q2589508),[quotient of Lie algebra by ideal](https://mathgloss.github.io/MathGloss/chicago/quotient_of_lie_algebra_by_ideal)
[Q48995828](https://www.wikidata.org/wiki/Q48995828),[tensor product of group representations](https://mathgloss.github.io/MathGloss/chicago/tensor_product_of_group_representations)
[Q451323](https://www.wikidata.org/wiki/Q451323),[derivation](https://mathgloss.github.io/MathGloss/chicago/derivation)
[Q17019511](https://www.wikidata.org/wiki/Q17019511),[group algebra](https://mathgloss.github.io/MathGloss/chicago/group_algebra)
[Q1228851](https://www.wikidata.org/wiki/Q1228851),[discrete category](https://mathgloss.github.io/MathGloss/chicago/discrete_category)
[Q751969](https://www.wikidata.org/wiki/Q751969),[right coset](https://mathgloss.github.io/MathGloss/chicago/right_coset)