Wikidata ID,mathlib
[Q125977](https://www.wikidata.org/wiki/Q125977),[vector space](https://leanprover-community.github.io//mathlib4_docs/./Mathlib/Algebra/Module/Defs.html#Module)
[Q728435](https://www.wikidata.org/wiki/Q728435),[vector subspace](https://leanprover-community.github.io//mathlib4_docs/./Mathlib/Algebra/Module/Submodule/Basic.html#Subspace)
[Q1393796](https://www.wikidata.org/wiki/Q1393796),[quotient space](https://leanprover-community.github.io//mathlib4_docs/./Mathlib/LinearAlgebra/Quotient/Defs.html#Submodule.hasQuotient)
[Q5282259](https://www.wikidata.org/wiki/Q5282259),[direct sum](https://leanprover-community.github.io//mathlib4_docs/./Mathlib/Algebra/DirectSum/Basic.html#DirectSum.IsInternal)
[Q1142861](https://www.wikidata.org/wiki/Q1142861),[complementary subspaces](https://leanprover-community.github.io//mathlib4_docs/./Mathlib/LinearAlgebra/Basis/VectorSpace.html#Submodule.exists_isCompl)
[Q27670](https://www.wikidata.org/wiki/Q27670),[linear independence](https://leanprover-community.github.io//mathlib4_docs/./Mathlib/LinearAlgebra/LinearIndependent.html#LinearIndependent)
[Q643669](https://www.wikidata.org/wiki/Q643669),[generating sets](https://leanprover-community.github.io//mathlib4_docs/./Mathlib/LinearAlgebra/Span/Defs.html#Submodule.span)
[Q810214](https://www.wikidata.org/wiki/Q810214),[bases](https://leanprover-community.github.io//mathlib4_docs/./Mathlib/LinearAlgebra/Basis/Defs.html#Basis)
[Q207643](https://www.wikidata.org/wiki/Q207643),[linear map](https://leanprover-community.github.io//mathlib4_docs/./Mathlib/Algebra/Module/LinearMap/Defs.html#LinearMap)
[Q524607](https://www.wikidata.org/wiki/Q524607),[general linear group](https://leanprover-community.github.io//mathlib4_docs/./Mathlib/LinearAlgebra/GeneralLinearGroup.html#LinearMap.GeneralLinearGroup)
[Q752487](https://www.wikidata.org/wiki/Q752487),[dual vector space](https://leanprover-community.github.io//mathlib4_docs/./Mathlib/LinearAlgebra/Dual.html#Module.Dual)
[Q2297777](https://www.wikidata.org/wiki/Q2297777),[dual basis](https://leanprover-community.github.io//mathlib4_docs/./Mathlib/LinearAlgebra/Dual.html#Basis.dualBasis)
[Q2858846](https://www.wikidata.org/wiki/Q2858846),[transpose of a linear map](https://leanprover-community.github.io//mathlib4_docs/./Mathlib/LinearAlgebra/Dual.html#Module.Dual.transpose)
[Q929302](https://www.wikidata.org/wiki/Q929302),[finite-dimensionality](https://leanprover-community.github.io//mathlib4_docs/./Mathlib/LinearAlgebra/FiniteDimensional/Defs.html#FiniteDimensional)
[Q1952404](https://www.wikidata.org/wiki/Q1952404),[multilinear map](https://leanprover-community.github.io//mathlib4_docs/./Mathlib/LinearAlgebra/Multilinear/Basic.html#MultilinearMap)
[Q810255](https://www.wikidata.org/wiki/Q810255),[change of basis](https://leanprover-community.github.io//mathlib4_docs/./Mathlib/LinearAlgebra/Matrix/Basis.html#basis_toMatrix_mul_linearMap_toMatrix_mul_basis_toMatrix)
[Q656784](https://www.wikidata.org/wiki/Q656784),[rank of a matrix](https://leanprover-community.github.io//mathlib4_docs/./Mathlib/Data/Matrix/Rank.html#Matrix.rank)
[Q178546](https://www.wikidata.org/wiki/Q178546),[determinant](https://leanprover-community.github.io//mathlib4_docs/./Mathlib/LinearAlgebra/Matrix/Determinant/Basic.html#Matrix.det)
[Q242188](https://www.wikidata.org/wiki/Q242188),[invertibility](https://leanprover-community.github.io//mathlib4_docs/./Mathlib/LinearAlgebra/Matrix/NonsingularInverse.html#Matrix.inv)
[Q1163608](https://www.wikidata.org/wiki/Q1163608),[minimal polynomial](https://leanprover-community.github.io//mathlib4_docs/./Mathlib/FieldTheory/Minpoly/Basic.html#minpoly)
[Q849705](https://www.wikidata.org/wiki/Q849705),[characteristic polynomial](https://leanprover-community.github.io//mathlib4_docs/./Mathlib/LinearAlgebra/Matrix/Charpoly/Basic.html#Matrix.charpoly)
[Q190524](https://www.wikidata.org/wiki/Q190524),[eigenvalue](https://leanprover-community.github.io//mathlib4_docs/./Mathlib/LinearAlgebra/Eigenspace/Basic.html#Module.End.HasEigenvalue)
[Q190524](https://www.wikidata.org/wiki/Q190524),[eigenvector](https://leanprover-community.github.io//mathlib4_docs/./Mathlib/LinearAlgebra/Eigenspace/Basic.html#Module.End.HasEigenvector)
[Q970767](https://www.wikidata.org/wiki/Q970767),[generalized eigenspaces](https://leanprover-community.github.io//mathlib4_docs/./Mathlib/LinearAlgebra/Eigenspace/Basic.html#Module.End.genEigenspace)
[Q1191722](https://www.wikidata.org/wiki/Q1191722),[matrix exponential](https://leanprover-community.github.io//mathlib4_docs/./Mathlib/Analysis/Normed/Algebra/Exponential.html#NormedSpace.exp)
[Q83478](https://www.wikidata.org/wiki/Q83478),[group](https://leanprover-community.github.io//mathlib4_docs/./Mathlib/Algebra/Group/Defs.html#Group)
[Q868169](https://www.wikidata.org/wiki/Q868169),[group morphism](https://leanprover-community.github.io//mathlib4_docs/./Mathlib/Algebra/Group/Hom/Defs.html#MonoidHom)
[Q2725924](https://www.wikidata.org/wiki/Q2725924),[direct product of groups](https://leanprover-community.github.io//mathlib4_docs/./Mathlib/Algebra/Group/Prod.html#Prod.instGroup)
[Q466109](https://www.wikidata.org/wiki/Q466109),[subgroup](https://leanprover-community.github.io//mathlib4_docs/./Mathlib/Algebra/Group/Subgroup/Defs.html#Subgroup)
[Q743179](https://www.wikidata.org/wiki/Q743179),[normal subgroup](https://leanprover-community.github.io//mathlib4_docs/./Mathlib/Algebra/Group/Subgroup/Defs.html#Subgroup.Normal)
[Q1138961](https://www.wikidata.org/wiki/Q1138961),[quotient group](https://leanprover-community.github.io//mathlib4_docs/./Mathlib/GroupTheory/QuotientGroup/Defs.html#QuotientGroup.Quotient.group)
[Q288465](https://www.wikidata.org/wiki/Q288465),[group action](https://leanprover-community.github.io//mathlib4_docs/./Mathlib/Algebra/Group/Action/Defs.html#MulAction)
[Q288465](https://www.wikidata.org/wiki/Q288465),[orbit](https://leanprover-community.github.io//mathlib4_docs/./Mathlib/GroupTheory/GroupAction/Defs.html#MulAction.orbit)
[Q1393796](https://www.wikidata.org/wiki/Q1393796),[quotient space](https://leanprover-community.github.io//mathlib4_docs/./Mathlib/GroupTheory/GroupAction/Quotient.html#MulAction.orbitEquivQuotientStabilizer)
[Q1353233](https://www.wikidata.org/wiki/Q1353233),[conjugacy classes](https://leanprover-community.github.io//mathlib4_docs/./Mathlib/Algebra/Group/Conj.html#ConjClasses)
[Q245462](https://www.wikidata.org/wiki/Q245462),[cyclic group](https://leanprover-community.github.io//mathlib4_docs/./Mathlib/Algebra/Group/Defs.html#IsCyclic)
[Q1412905](https://www.wikidata.org/wiki/Q1412905),[permutation group of a type](https://leanprover-community.github.io//mathlib4_docs/./Mathlib/Logic/Equiv/Defs.html#Equiv.Perm)
[Q7512811](https://www.wikidata.org/wiki/Q7512811),[signature](https://leanprover-community.github.io//mathlib4_docs/./Mathlib/GroupTheory/Perm/Sign.html#Equiv.Perm.sign)
[Q438814](https://www.wikidata.org/wiki/Q438814),[alternating group](https://leanprover-community.github.io//mathlib4_docs/./Mathlib/GroupTheory/SpecificGroups/Alternating.html#alternatingGroup)
[Q524607](https://www.wikidata.org/wiki/Q524607),[general linear group](https://leanprover-community.github.io//mathlib4_docs/./Mathlib/LinearAlgebra/GeneralLinearGroup.html#LinearMap.GeneralLinearGroup)
[Q2140900](https://www.wikidata.org/wiki/Q2140900),[special linear group](https://leanprover-community.github.io//mathlib4_docs/./Mathlib/LinearAlgebra/Matrix/SpecialLinearGroup.html#Matrix.SpecialLinearGroup)
[Q1783179](https://www.wikidata.org/wiki/Q1783179),[orthogonal group](https://leanprover-community.github.io//mathlib4_docs/./Mathlib/LinearAlgebra/UnitaryGroup.html#Matrix.orthogonalGroup)
[Q1500617](https://www.wikidata.org/wiki/Q1500617),[unitary group](https://leanprover-community.github.io//mathlib4_docs/./Mathlib/LinearAlgebra/UnitaryGroup.html#Matrix.unitaryGroup)
[Q161172](https://www.wikidata.org/wiki/Q161172),[ring](https://leanprover-community.github.io//mathlib4_docs/./Mathlib/Algebra/Ring/Defs.html#Ring)
[Q929536](https://www.wikidata.org/wiki/Q929536),[subrings](https://leanprover-community.github.io//mathlib4_docs/./Mathlib/Algebra/Ring/Subring/Defs.html#Subring)
[Q1194212](https://www.wikidata.org/wiki/Q1194212),[ring morphisms](https://leanprover-community.github.io//mathlib4_docs/./Mathlib/Algebra/Ring/Hom/Defs.html#RingHom)
[Q3406712](https://www.wikidata.org/wiki/Q3406712),[product of rings](https://leanprover-community.github.io//mathlib4_docs/./Mathlib/Algebra/Ring/Pi.html#Pi.ring)
[Q619436](https://www.wikidata.org/wiki/Q619436),[quotient rings](https://leanprover-community.github.io//mathlib4_docs/./Mathlib/RingTheory/Ideal/Quotient/Defs.html#Ideal.instHasQuotient)
[Q863912](https://www.wikidata.org/wiki/Q863912),[prime ideals](https://leanprover-community.github.io//mathlib4_docs/./Mathlib/RingTheory/Ideal/Prime.html#Ideal.IsPrime)
[Q1203540](https://www.wikidata.org/wiki/Q1203540),[maximal ideals](https://leanprover-community.github.io//mathlib4_docs/./Mathlib/RingTheory/Ideal/Maximal.html#Ideal.IsMaximal)
[Q2989575](https://www.wikidata.org/wiki/Q2989575),[irreducible elements](https://leanprover-community.github.io//mathlib4_docs/./Mathlib/Algebra/Prime/Defs.html#Irreducible)
[Q118084](https://www.wikidata.org/wiki/Q118084),[invertible elements](https://leanprover-community.github.io//mathlib4_docs/./Mathlib/Algebra/Group/Invertible/Defs.html#Invertible)
[Q1052579](https://www.wikidata.org/wiki/Q1052579),[unique factorisation domain (UFD)](https://leanprover-community.github.io//mathlib4_docs/./Mathlib/RingTheory/UniqueFactorizationDomain/Defs.html#UniqueFactorizationMonoid)
[Q131752](https://www.wikidata.org/wiki/Q131752),[greatest common divisor](https://leanprover-community.github.io//mathlib4_docs/./Mathlib/Algebra/GCDMonoid/Basic.html#GCDMonoid.gcd)
[Q102761](https://www.wikidata.org/wiki/Q102761),[least common multiple](https://leanprover-community.github.io//mathlib4_docs/./Mathlib/Algebra/GCDMonoid/Basic.html#GCDMonoid.lcm)
[Q1143969](https://www.wikidata.org/wiki/Q1143969),[principal ideal domain](https://leanprover-community.github.io//mathlib4_docs/./Mathlib/LinearAlgebra/Span/Defs.html#Submodule.IsPrincipal)
[Q867345](https://www.wikidata.org/wiki/Q867345),[Euclidean rings](https://leanprover-community.github.io//mathlib4_docs/./Mathlib/Algebra/EuclideanDomain/Defs.html#EuclideanDomain)
[Q230848](https://www.wikidata.org/wiki/Q230848),[Euclid's' algorithm](https://leanprover-community.github.io//mathlib4_docs/./Mathlib/Data/Int/GCD.html#Nat.xgcd)
[Q49008](https://www.wikidata.org/wiki/Q49008),[prime numbers](https://leanprover-community.github.io//mathlib4_docs/./Mathlib/Algebra/Prime/Defs.html#Prime)
[Q1476663](https://www.wikidata.org/wiki/Q1476663),[irreducible polynomial](https://leanprover-community.github.io//mathlib4_docs/./Mathlib/Algebra/Prime/Defs.html#Irreducible)
[Q214604](https://www.wikidata.org/wiki/Q214604),[roots of a polynomial](https://leanprover-community.github.io//mathlib4_docs/./Mathlib/Algebra/Polynomial/Roots.html#Polynomial.roots)
[Q2228257](https://www.wikidata.org/wiki/Q2228257),[multiplicity](https://leanprover-community.github.io//mathlib4_docs/./Mathlib/Algebra/Polynomial/Div.html#Polynomial.rootMultiplicity)
[Q1749812](https://www.wikidata.org/wiki/Q1749812),[Newton's identities](https://leanprover-community.github.io//mathlib4_docs/./Mathlib/RingTheory/MvPolynomial/Symmetric/NewtonIdentities.html#MvPolynomial.mul_esymm_eq_sum)
[Q930499](https://www.wikidata.org/wiki/Q930499),[symmetric polynomials](https://leanprover-community.github.io//mathlib4_docs/./Mathlib/RingTheory/MvPolynomial/Symmetric/Defs.html#MvPolynomial.IsSymmetric)
[Q190109](https://www.wikidata.org/wiki/Q190109),[fields](https://leanprover-community.github.io//mathlib4_docs/./Mathlib/Algebra/Field/Defs.html#Field)
[Q836088](https://www.wikidata.org/wiki/Q836088),[characteristic of a ring](https://leanprover-community.github.io//mathlib4_docs/./Mathlib/Algebra/CharP/Defs.html#ringChar)
[Q836088](https://www.wikidata.org/wiki/Q836088),[characteristic zero](https://leanprover-community.github.io//mathlib4_docs/./Mathlib/Algebra/CharZero/Defs.html#CharZero)
[Q836088](https://www.wikidata.org/wiki/Q836088),[characteristic p](https://leanprover-community.github.io//mathlib4_docs/./Mathlib/Algebra/CharP/Defs.html#CharP)
[Q577835](https://www.wikidata.org/wiki/Q577835),[Subfields](https://leanprover-community.github.io//mathlib4_docs/field_theory/subfield.html)
[Q769124](https://www.wikidata.org/wiki/Q769124),[Frobenius morphisms](https://leanprover-community.github.io//mathlib4_docs/./Mathlib/Algebra/CharP/Lemmas.html#frobenius)
[Q1047547](https://www.wikidata.org/wiki/Q1047547),[$\C$ is algebraically closed](https://leanprover-community.github.io//mathlib4_docs/./Mathlib/Analysis/Complex/Polynomial/Basic.html#Complex.exists_root)
[Q162608](https://www.wikidata.org/wiki/Q162608),[algebraic elements](https://leanprover-community.github.io//mathlib4_docs/./Mathlib/RingTheory/Algebraic/Defs.html#IsAlgebraic)
[Q162608](https://www.wikidata.org/wiki/Q162608),[transcendental elements](https://leanprover-community.github.io//mathlib4_docs/./Mathlib/RingTheory/Algebraic/Defs.html#Transcendental)
[Q550791](https://www.wikidata.org/wiki/Q550791),[algebraic extensions](https://leanprover-community.github.io//mathlib4_docs/./Mathlib/RingTheory/Algebraic/Defs.html#Algebra.IsAlgebraic)
[Q1047547](https://www.wikidata.org/wiki/Q1047547),[algebraically closed fields](https://leanprover-community.github.io//mathlib4_docs/./Mathlib/FieldTheory/IsAlgClosed/Basic.html#IsAlgClosed)
[Q2997763](https://www.wikidata.org/wiki/Q2997763),[rupture fields](https://leanprover-community.github.io//mathlib4_docs/./Mathlib/RingTheory/AdjoinRoot.html#AdjoinRoot)
[Q1996100](https://www.wikidata.org/wiki/Q1996100),[splitting fields](https://leanprover-community.github.io//mathlib4_docs/./Mathlib/FieldTheory/SplittingField/Construction.html#Polynomial.SplittingField)
[Q603880](https://www.wikidata.org/wiki/Q603880),[finite fields](https://leanprover-community.github.io//mathlib4_docs/field_theory/finite.html)
[Q837924](https://www.wikidata.org/wiki/Q837924),[bilinear forms](https://leanprover-community.github.io//mathlib4_docs/./Mathlib/LinearAlgebra/BilinearMap.html#LinearMap.BilinForm)
[Q837924](https://www.wikidata.org/wiki/Q837924),[alternating bilinear forms](https://leanprover-community.github.io//mathlib4_docs/./Mathlib/LinearAlgebra/BilinearForm/Properties.html#LinearMap.BilinForm.IsAlt)
[Q2100018](https://www.wikidata.org/wiki/Q2100018),[symmetric bilinear forms](https://leanprover-community.github.io//mathlib4_docs/./Mathlib/LinearAlgebra/BilinearForm/Properties.html#LinearMap.BilinForm.IsSymm)
[Q27961566](https://www.wikidata.org/wiki/Q27961566),[nondegenerate forms](https://leanprover-community.github.io//mathlib4_docs/./Mathlib/LinearAlgebra/BilinearForm/Properties.html#LinearMap.BilinForm.Nondegenerate)
[Q6787889](https://www.wikidata.org/wiki/Q6787889),[matrix representation](https://leanprover-community.github.io//mathlib4_docs/./Mathlib/LinearAlgebra/Matrix/BilinearForm.html#BilinForm.toMatrix)
[Q11210](https://www.wikidata.org/wiki/Q11210),[change of coordinates](https://leanprover-community.github.io//mathlib4_docs/./Mathlib/LinearAlgebra/Matrix/BilinearForm.html#BilinForm.toMatrix_comp)
[Q736753](https://www.wikidata.org/wiki/Q736753),[quadratic form](https://leanprover-community.github.io//mathlib4_docs/./Mathlib/LinearAlgebra/QuadraticForm/Basic.html#QuadraticForm)
[Q1017106](https://www.wikidata.org/wiki/Q1017106),[adjoint endomorphism](https://leanprover-community.github.io//mathlib4_docs/./Mathlib/LinearAlgebra/BilinearForm/Properties.html#LinearMap.BilinForm.leftAdjointOfNondegenerate)
[Q475239](https://www.wikidata.org/wiki/Q475239),[Gram-Schmidt orthogonalisation](https://leanprover-community.github.io//mathlib4_docs/./Mathlib/Analysis/InnerProductSpace/GramSchmidtOrtho.html#gramSchmidt_orthogonal)
[Q17295](https://www.wikidata.org/wiki/Q17295),[Euclidean vector spaces](https://leanprover-community.github.io//mathlib4_docs/./Mathlib/Analysis/InnerProductSpace/Defs.html#InnerProductSpace)
[Q1780921](https://www.wikidata.org/wiki/Q1780921),[orthogonal complement](https://leanprover-community.github.io//mathlib4_docs/./Mathlib/Analysis/InnerProductSpace/Orthogonal.html#Submodule.orthogonal)
[Q956437](https://www.wikidata.org/wiki/Q956437),[norm](https://leanprover-community.github.io//mathlib4_docs/./Mathlib/Analysis/InnerProductSpace/Defs.html#InnerProductSpace.Core.toNorm)
[Q2365325](https://www.wikidata.org/wiki/Q2365325),[orthonormal bases](https://leanprover-community.github.io//mathlib4_docs/./Mathlib/Analysis/InnerProductSpace/Projection.html#maximal_orthonormal_iff_basis_of_finiteDimensional)
[Q1783179](https://www.wikidata.org/wiki/Q1783179),[orthogonal group](https://leanprover-community.github.io//mathlib4_docs/./Mathlib/LinearAlgebra/UnitaryGroup.html#Matrix.orthogonalGroup)
[Q1500617](https://www.wikidata.org/wiki/Q1500617),[unitary group](https://leanprover-community.github.io//mathlib4_docs/./Mathlib/LinearAlgebra/UnitaryGroup.html#Matrix.unitaryGroup)
[Q178192](https://www.wikidata.org/wiki/Q178192),[cross product](https://leanprover-community.github.io//mathlib4_docs/./Mathlib/LinearAlgebra/CrossProduct.html#crossProduct)
[Q36248](https://www.wikidata.org/wiki/Q36248),[triple product](https://leanprover-community.github.io//mathlib4_docs/./Mathlib/LinearAlgebra/CrossProduct.html#triple_product_eq_det)
[Q382698](https://www.wikidata.org/wiki/Q382698),[affine space](https://leanprover-community.github.io//mathlib4_docs/./Mathlib/Algebra/AddTorsor.html#AddTorsor)
[Q382497](https://www.wikidata.org/wiki/Q382497),[affine function](https://leanprover-community.github.io//mathlib4_docs/./Mathlib/LinearAlgebra/AffineSpace/AffineMap.html#AffineMap)
[Q382698](https://www.wikidata.org/wiki/Q382698),[affine subspace](https://leanprover-community.github.io//mathlib4_docs/./Mathlib/LinearAlgebra/AffineSpace/AffineSubspace.html#AffineSubspace)
[Q809690](https://www.wikidata.org/wiki/Q809690),[barycenter](https://leanprover-community.github.io//mathlib4_docs/./Mathlib/LinearAlgebra/AffineSpace/Combination.html#Finset.affineCombination)
[Q382504](https://www.wikidata.org/wiki/Q382504),[affine span](https://leanprover-community.github.io//mathlib4_docs/./Mathlib/LinearAlgebra/AffineSpace/AffineSubspace.html#affineSpan)
[Q686291](https://www.wikidata.org/wiki/Q686291),[affine groups](https://leanprover-community.github.io//mathlib4_docs/./Mathlib/LinearAlgebra/AffineSpace/AffineEquiv.html#AffineEquiv.group)
[Q193657](https://www.wikidata.org/wiki/Q193657),[convex subsets](https://leanprover-community.github.io//mathlib4_docs/./Mathlib/Analysis/Convex/Basic.html#Convex)
[Q1385465](https://www.wikidata.org/wiki/Q1385465),[extreme point](https://leanprover-community.github.io//mathlib4_docs/./Mathlib/Analysis/Convex/Extreme.html#Set.extremePoints)
[Q740207](https://www.wikidata.org/wiki/Q740207),[group of isometries of a Euclidean affine space](https://leanprover-community.github.io//mathlib4_docs/./Mathlib/Analysis/Normed/Affine/Isometry.html#AffineIsometryEquiv.instGroup)
[Q141488](https://www.wikidata.org/wiki/Q141488),[order](https://leanprover-community.github.io//mathlib4_docs/./Mathlib/Data/Real/Basic.html#Real.linearOrder)
[Q1211057](https://www.wikidata.org/wiki/Q1211057),[convergence](https://leanprover-community.github.io//mathlib4_docs/./Mathlib/Order/Filter/Defs.html#Filter.Tendsto)
[Q858223](https://www.wikidata.org/wiki/Q858223),[limit point](https://leanprover-community.github.io//mathlib4_docs/./Mathlib/Topology/Defs/Filter.html#MapClusterPt)
[Q217847](https://www.wikidata.org/wiki/Q217847),[Cauchy sequences](https://leanprover-community.github.io//mathlib4_docs/./Mathlib/Topology/UniformSpace/Cauchy.html#CauchySeq)
[Q630649](https://www.wikidata.org/wiki/Q630649),[metric structure](https://leanprover-community.github.io//mathlib4_docs/./Mathlib/Topology/MetricSpace/Basic.html#Real.metricSpace)
[Q1306887](https://www.wikidata.org/wiki/Q1306887),[Geometric series](https://leanprover-community.github.io//mathlib4_docs/./Mathlib/Analysis/SpecificLimits/Normed.html#tsum_geometric_of_norm_lt_one)
[Q438842](https://www.wikidata.org/wiki/Q438842),[alternating series](https://leanprover-community.github.io//mathlib4_docs/./Mathlib/Analysis/SpecificLimits/Normed.html#Antitone.tendsto_alternating_series_of_tendsto_zero)
[Q5165409](https://www.wikidata.org/wiki/Q5165409),[continuity](https://leanprover-community.github.io//mathlib4_docs/./Mathlib/Topology/Defs/Basic.html#Continuous)
[Q177239](https://www.wikidata.org/wiki/Q177239),[limits](https://leanprover-community.github.io//mathlib4_docs/./Mathlib/Order/Filter/Defs.html#Filter.Tendsto)
[Q783507](https://www.wikidata.org/wiki/Q783507),[differentiable functions](https://leanprover-community.github.io//mathlib4_docs/./Mathlib/Analysis/Calculus/Deriv/Basic.html#HasDerivAt)
[Q394747](https://www.wikidata.org/wiki/Q394747),[Leibniz formula](https://leanprover-community.github.io//mathlib4_docs/./Mathlib/Analysis/Calculus/Deriv/Mul.html#deriv_mul)
[Q41237](https://www.wikidata.org/wiki/Q41237),[rational functions](https://leanprover-community.github.io//mathlib4_docs/./Mathlib/FieldTheory/RatFunc/AsPolynomial.html#RatFunc.eval)
[Q11197](https://www.wikidata.org/wiki/Q11197),[logarithms](https://leanprover-community.github.io//mathlib4_docs/./Mathlib/Analysis/SpecialFunctions/Log/Basic.html#Real.log)
[Q4391173](https://www.wikidata.org/wiki/Q4391173),[exponential](https://leanprover-community.github.io//mathlib4_docs/./Mathlib/Data/Complex/Exponential.html#Real.exp)
[Q33456](https://www.wikidata.org/wiki/Q33456),[power functions](https://leanprover-community.github.io//mathlib4_docs/./Mathlib/Analysis/SpecialFunctions/Pow/Real.html#Real.rpow)
[Q93344](https://www.wikidata.org/wiki/Q93344),[trigonometric functions](https://leanprover-community.github.io//mathlib4_docs/./Mathlib/Data/Complex/Exponential.html#Real.sin)
[Q204034](https://www.wikidata.org/wiki/Q204034),[hyperbolic trigonometric functions](https://leanprover-community.github.io//mathlib4_docs/./Mathlib/Data/Complex/Exponential.html#Real.sinh)
[Q674533](https://www.wikidata.org/wiki/Q674533),[inverse trigonometric functions](https://leanprover-community.github.io//mathlib4_docs/./Mathlib/Analysis/SpecialFunctions/Trigonometric/Inverse.html#Real.arcsin)
[Q1156903](https://www.wikidata.org/wiki/Q1156903),[Riemann sums](https://leanprover-community.github.io//mathlib4_docs/./Mathlib/Analysis/BoxIntegral/Basic.html#BoxIntegral.integralSum)
[Q1934165](https://www.wikidata.org/wiki/Q1934165),[change of variable](https://leanprover-community.github.io//mathlib4_docs/./Mathlib/MeasureTheory/Integral/FundThmCalculus.html#intervalIntegral.integral_comp_smul_deriv)
[Q273328](https://www.wikidata.org/wiki/Q273328),[integration by parts](https://leanprover-community.github.io//mathlib4_docs/./Mathlib/MeasureTheory/Integral/FundThmCalculus.html#intervalIntegral.integral_mul_deriv_eq_deriv_mul)
[Q1778098](https://www.wikidata.org/wiki/Q1778098),[pointwise convergence](https://leanprover-community.github.io//mathlib4_docs/./Mathlib/Topology/Constructions.html#tendsto_pi_nhds)
[Q1411887](https://www.wikidata.org/wiki/Q1411887),[uniform convergence](https://leanprover-community.github.io//mathlib4_docs/./Mathlib/Topology/UniformSpace/UniformConvergence.html#TendstoUniformly)
[Q319913](https://www.wikidata.org/wiki/Q319913),[convex functions of a real variable](https://leanprover-community.github.io//mathlib4_docs/./Mathlib/Analysis/Convex/Function.html#ConvexOn)
[Q5165409](https://www.wikidata.org/wiki/Q5165409),[continuity](https://leanprover-community.github.io//mathlib4_docs/./Mathlib/Analysis/Convex/Continuous.html#ConvexOn.continuousOn)
[Q1428097](https://www.wikidata.org/wiki/Q1428097),[radius of convergence](https://leanprover-community.github.io//mathlib4_docs/./Mathlib/Analysis/Analytic/Basic.html#FormalMultilinearSeries.radius)
[Q5165409](https://www.wikidata.org/wiki/Q5165409),[continuity](https://leanprover-community.github.io//mathlib4_docs/./Mathlib/Analysis/Analytic/Basic.html#HasFPowerSeriesOnBall.continuousOn)
[Q184871](https://www.wikidata.org/wiki/Q184871),[complex exponential](https://leanprover-community.github.io//mathlib4_docs/./Mathlib/Data/Complex/Exponential.html#Complex.exp)
[Q93344](https://www.wikidata.org/wiki/Q93344),[cos](https://leanprover-community.github.io//mathlib4_docs/./Mathlib/Data/Complex/Exponential.html#Complex.cos)
[Q60227](https://www.wikidata.org/wiki/Q60227),[sin](https://leanprover-community.github.io//mathlib4_docs/./Mathlib/Data/Complex/Exponential.html#Complex.sin)
[Q60227](https://www.wikidata.org/wiki/Q60227),[sin](https://leanprover-community.github.io//mathlib4_docs/./Mathlib/Analysis/SpecialFunctions/Trigonometric/Series.html#Complex.hasSum_sin)
[Q207476](https://www.wikidata.org/wiki/Q207476),[holomorphic functions](https://leanprover-community.github.io//mathlib4_docs/./Mathlib/Analysis/Calculus/FDeriv/Basic.html#DifferentiableOn)
[Q17130880](https://www.wikidata.org/wiki/Q17130880),[induced topology](https://leanprover-community.github.io//mathlib4_docs/./Mathlib/Topology/Defs/Induced.html#TopologicalSpace.induced)
[Q847204](https://www.wikidata.org/wiki/Q847204),[limits of sequences](https://leanprover-community.github.io//mathlib4_docs/./Mathlib/Topology/MetricSpace/Pseudo/Defs.html#Metric.tendsto_atTop)
[Q858223](https://www.wikidata.org/wiki/Q858223),[cluster points](https://leanprover-community.github.io//mathlib4_docs/./Mathlib/Topology/Defs/Filter.html#ClusterPt)
[Q170058](https://www.wikidata.org/wiki/Q170058),[continuous functions](https://leanprover-community.github.io//mathlib4_docs/./Mathlib/Topology/Defs/Basic.html#Continuous)
[Q584521](https://www.wikidata.org/wiki/Q584521),[homeomorphisms](https://leanprover-community.github.io//mathlib4_docs/./Mathlib/Topology/Homeomorph.html#Homeomorph)
[Q1491995](https://www.wikidata.org/wiki/Q1491995),[connectedness](https://leanprover-community.github.io//mathlib4_docs/./Mathlib/Topology/Connected/Basic.html#ConnectedSpace)
[Q1491995](https://www.wikidata.org/wiki/Q1491995),[connected components](https://leanprover-community.github.io//mathlib4_docs/./Mathlib/Topology/Connected/Basic.html#connectedComponent)
[Q1491995](https://www.wikidata.org/wiki/Q1491995),[path connectedness](https://leanprover-community.github.io//mathlib4_docs/./Mathlib/Topology/Connected/PathConnected.html#IsPathConnected)
[Q652707](https://www.wikidata.org/wiki/Q652707),[Lipschitz functions](https://leanprover-community.github.io//mathlib4_docs/./Mathlib/Topology/EMetricSpace/Lipschitz.html#LipschitzWith)
[Q741865](https://www.wikidata.org/wiki/Q741865),[uniformly continuous functions](https://leanprover-community.github.io//mathlib4_docs/./Mathlib/Topology/MetricSpace/Pseudo/Defs.html#Metric.uniformContinuous_iff)
[Q848569](https://www.wikidata.org/wiki/Q848569),[complete metric spaces](https://leanprover-community.github.io//mathlib4_docs/./Mathlib/Topology/MetricSpace/Cauchy.html#Metric.complete_of_cauchySeq_tendsto)
[Q220680](https://www.wikidata.org/wiki/Q220680),[contraction mapping theorem](https://leanprover-community.github.io//mathlib4_docs/./Mathlib/Topology/MetricSpace/Contracting.html#ContractingWith.exists_fixedPoint)
[Q1091024](https://www.wikidata.org/wiki/Q1091024),[continuous linear maps](https://leanprover-community.github.io//mathlib4_docs/./Mathlib/Topology/Algebra/Module/LinearMap.html#ContinuousLinearMap)
[Q752487](https://www.wikidata.org/wiki/Q752487),[dual space](https://leanprover-community.github.io//mathlib4_docs/./Mathlib/Analysis/Normed/Module/Dual.html#NormedSpace.Dual)
[Q214159](https://www.wikidata.org/wiki/Q214159),[inner product space $l^2$](https://leanprover-community.github.io//mathlib4_docs/./Mathlib/Analysis/InnerProductSpace/l2Space.html#lp.instInnerProductSpace)
[Q9993851](https://www.wikidata.org/wiki/Q9993851),[Lax-Milgram theorem](https://leanprover-community.github.io//mathlib4_docs/./Mathlib/Analysis/InnerProductSpace/LaxMilgram.html#IsCoercive.continuousLinearEquivOfBilin)
[Q207455](https://www.wikidata.org/wiki/Q207455),[chain rule](https://leanprover-community.github.io//mathlib4_docs/./Mathlib/Analysis/Calculus/FDeriv/Comp.html#fderiv.comp)
[Q783507](https://www.wikidata.org/wiki/Q783507),[differentiable functions](https://leanprover-community.github.io//mathlib4_docs/./Mathlib/Analysis/Calculus/FDeriv/Basic.html#Differentiable)
[Q186475](https://www.wikidata.org/wiki/Q186475),[partial derivatives commute](https://leanprover-community.github.io//mathlib4_docs/./Mathlib/Analysis/Calculus/FDeriv/Symmetric.html#second_derivative_symmetric)
[Q845060](https://www.wikidata.org/wiki/Q845060),[local extrema](https://leanprover-community.github.io//mathlib4_docs/./Mathlib/Analysis/Calculus/LocalExtr/Basic.html#IsLocalMin.fderiv_eq_zero)
[Q1058314](https://www.wikidata.org/wiki/Q1058314),[diffeomorphisms](https://leanprover-community.github.io//mathlib4_docs/./Mathlib/Geometry/Manifold/ChartedSpace.html#Structomorph)
[Q3058218](https://www.wikidata.org/wiki/Q3058218),[measurable spaces](https://leanprover-community.github.io//mathlib4_docs/./Mathlib/MeasureTheory/MeasurableSpace/Defs.html#MeasurableSpace)
[Q217357](https://www.wikidata.org/wiki/Q217357),[sigma-algebras](https://leanprover-community.github.io//mathlib4_docs/./Mathlib/MeasureTheory/MeasurableSpace/Defs.html#MeasurableSpace)
[Q1080067](https://www.wikidata.org/wiki/Q1080067),[Borel sigma-algebras](https://leanprover-community.github.io//mathlib4_docs/./Mathlib/MeasureTheory/Constructions/BorelSpace/Basic.html#BorelSpace)
[Q192276](https://www.wikidata.org/wiki/Q192276),[positive measure](https://leanprover-community.github.io//mathlib4_docs/./Mathlib/MeasureTheory/Measure/MeasureSpaceDef.html#MeasureTheory.Measure)
[Q247204](https://www.wikidata.org/wiki/Q247204),[counting measure](https://leanprover-community.github.io//mathlib4_docs/./Mathlib/MeasureTheory/Measure/Count.html#MeasureTheory.Measure.count)
[Q827230](https://www.wikidata.org/wiki/Q827230),[Lebesgue measure](https://leanprover-community.github.io//mathlib4_docs/./Mathlib/MeasureTheory/Measure/MeasureSpaceDef.html#MeasureTheory.MeasureSpace)
[Q1572094](https://www.wikidata.org/wiki/Q1572094),[product measure](https://leanprover-community.github.io//mathlib4_docs/./Mathlib/MeasureTheory/MeasurableSpace/Basic.html#MeasurableSpace.pi)
[Q516776](https://www.wikidata.org/wiki/Q516776),[measurable functions](https://leanprover-community.github.io//mathlib4_docs/./Mathlib/MeasureTheory/MeasurableSpace/Defs.html#Measurable)
[Q80091](https://www.wikidata.org/wiki/Q80091),[integrable functions](https://leanprover-community.github.io//mathlib4_docs/./Mathlib/MeasureTheory/Function/L1Space.html#MeasureTheory.Integrable)
[Q210857](https://www.wikidata.org/wiki/Q210857),[convolution](https://leanprover-community.github.io//mathlib4_docs/./Mathlib/Analysis/Convolution.html#MeasureTheory.convolution)
[Q355020](https://www.wikidata.org/wiki/Q355020),[probability measure](https://leanprover-community.github.io//mathlib4_docs/./Mathlib/MeasureTheory/Measure/Typeclasses.html#MeasureTheory.IsProbabilityMeasure)
[Q625303](https://www.wikidata.org/wiki/Q625303),[independent events](https://leanprover-community.github.io//mathlib4_docs/./Mathlib/Probability/Independence/Basic.html#ProbabilityTheory.iIndepSet)
[Q217357](https://www.wikidata.org/wiki/Q217357),[sigma-algebra](https://leanprover-community.github.io//mathlib4_docs/./Mathlib/MeasureTheory/MeasurableSpace/Defs.html#MeasurableSpace)
[Q327069](https://www.wikidata.org/wiki/Q327069),[conditional probability](https://leanprover-community.github.io//mathlib4_docs/./Mathlib/Probability/ConditionalProbability.html#ProbabilityTheory.cond)
[Q207522](https://www.wikidata.org/wiki/Q207522),[probability density function](https://leanprover-community.github.io//mathlib4_docs/./Mathlib/Probability/Density.html#MeasureTheory.HasPDF)
[Q625303](https://www.wikidata.org/wiki/Q625303),[independence of random variables](https://leanprover-community.github.io//mathlib4_docs/./Mathlib/Probability/Independence/Basic.html#ProbabilityTheory.iIndepFun)
[Q638982](https://www.wikidata.org/wiki/Q638982),[moments](https://leanprover-community.github.io//mathlib4_docs/./Mathlib/Probability/Moments.html#ProbabilityTheory.moment)
[Q181328](https://www.wikidata.org/wiki/Q181328),[Bernoulli law](https://leanprover-community.github.io//mathlib4_docs/./Mathlib/Probability/ProbabilityMassFunction/Constructions.html#PMF.bernoulli)
[Q578985](https://www.wikidata.org/wiki/Q578985),[convergence in probability](https://leanprover-community.github.io//mathlib4_docs/./Mathlib/MeasureTheory/Function/ConvergenceInMeasure.html#MeasureTheory.TendstoInMeasure)
[Q578985](https://www.wikidata.org/wiki/Q578985),[almost surely convergence](https://leanprover-community.github.io//mathlib4_docs/./Mathlib/MeasureTheory/OuterMeasure/AE.html#MeasureTheory.ae)
[Q842436](https://www.wikidata.org/wiki/Q842436),[Markov inequality](https://leanprover-community.github.io//mathlib4_docs/./Mathlib/MeasureTheory/Integral/Lebesgue.html#MeasureTheory.mul_meas_ge_le_lintegral)
[Q249514](https://www.wikidata.org/wiki/Q249514),[Chebychev inequality](https://leanprover-community.github.io//mathlib4_docs/./Mathlib/Probability/Variance.html#ProbabilityTheory.meas_ge_le_variance_div_sq)
[Q1756677](https://www.wikidata.org/wiki/Q1756677),[stability by derivation](https://leanprover-community.github.io//mathlib4_docs/./Mathlib/Analysis/Distribution/SchwartzSpace.html#SchwartzMap.fderivCLM)
[Q861606](https://www.wikidata.org/wiki/Q861606),[Lagrange interpolation](https://leanprover-community.github.io//mathlib4_docs/./Mathlib/LinearAlgebra/Lagrange.html#Lagrange.interpolate)
