Wikidata ID,Mathlib UG
[Q125977](https://www.wikidata.org/wiki/Q125977),[Vector space](https://leanprover-community.github.io/mathlib_docs/algebra/module/basic.html#module)
[Q728435](https://www.wikidata.org/wiki/Q728435),[Vector subspace](https://leanprover-community.github.io/mathlib_docs/algebra/module/submodule/basic.html#subspace)
[Q1393796](https://www.wikidata.org/wiki/Q1393796),[Quotient space (linear algebra)](https://leanprover-community.github.io/mathlib_docs/linear_algebra/quotient.html#submodule.has_quotient)
[Q1139111](https://www.wikidata.org/wiki/Q1139111),[Quotient space (topology)](https://leanprover-community.github.io/mathlib_docs/linear_algebra/quotient.html#submodule.has_quotient)
[Q5282259](https://www.wikidata.org/wiki/Q5282259),[Direct sum (topology)](https://leanprover-community.github.io/mathlib_docs/algebra/direct_sum/basic.html#direct_sum.is_internal)
[Q1142861](https://www.wikidata.org/wiki/Q1142861),[Complementary subspaces](https://leanprover-community.github.io/mathlib_docs/linear_algebra/basis.html#submodule.exists_is_compl)
[Q27670](https://www.wikidata.org/wiki/Q27670),[Linear independence](https://leanprover-community.github.io/mathlib_docs/linear_algebra/linear_independent.html#linear_independent)
[Q4866725](https://www.wikidata.org/wiki/Q4866725),[Bases](https://leanprover-community.github.io/mathlib_docs/linear_algebra/basis.html#basis)
[Q207643](https://www.wikidata.org/wiki/Q207643),[Linear map](https://leanprover-community.github.io/mathlib_docs/algebra/module/linear_map.html#linear_map)
[Q524607](https://www.wikidata.org/wiki/Q524607),[General linear group](https://leanprover-community.github.io/mathlib_docs/linear_algebra/general_linear_group.html#linear_map.general_linear_group)
[Q752487](https://www.wikidata.org/wiki/Q752487),[Dual vector space](https://leanprover-community.github.io/mathlib_docs/linear_algebra/dual.html#module.dual)
[Q2297777](https://www.wikidata.org/wiki/Q2297777),[Dual basis](https://leanprover-community.github.io/mathlib_docs/linear_algebra/dual.html#basis.dual_basis)
[Q2858846](https://www.wikidata.org/wiki/Q2858846),[Transpose of a linear map](https://leanprover-community.github.io/mathlib_docs/linear_algebra/dual.html#module.dual.transpose)
[Q1952404](https://www.wikidata.org/wiki/Q1952404),[Multilinear map](https://leanprover-community.github.io/mathlib_docs/linear_algebra/multilinear/basic.html#multilinear_map)
[Q810255](https://www.wikidata.org/wiki/Q810255),[Change of basis](https://leanprover-community.github.io/mathlib_docs/linear_algebra/matrix/basis.html#basis_to_matrix_mul_linear_map_to_matrix_mul_basis_to_matrix)
[Q656784](https://www.wikidata.org/wiki/Q656784),[Rank of a matrix](https://leanprover-community.github.io/mathlib_docs/data/matrix/rank.html#matrix.rank)
[Q178546](https://www.wikidata.org/wiki/Q178546),[Determinant (mathematics)](https://leanprover-community.github.io/mathlib_docs/linear_algebra/matrix/determinant.html#matrix.det)
[Q242188](https://www.wikidata.org/wiki/Q242188),[Invertibility](https://leanprover-community.github.io/mathlib_docs/linear_algebra/matrix/nonsingular_inverse.html#matrix.has_inv)
[Q1163608](https://www.wikidata.org/wiki/Q1163608),[Minimal polynomial (linear algebra)](https://leanprover-community.github.io/mathlib_docs/field_theory/minpoly/basic.html#minpoly)
[Q2242730](https://www.wikidata.org/wiki/Q2242730),[Minimal polynomial (field theory)](https://leanprover-community.github.io/mathlib_docs/field_theory/minpoly/basic.html#minpoly)
[Q849705](https://www.wikidata.org/wiki/Q849705),[Characteristic polynomial](https://leanprover-community.github.io/mathlib_docs/linear_algebra/matrix/charpoly/basic.html#matrix.charpoly)
[Q656772](https://www.wikidata.org/wiki/Q656772),[Cayley-Hamilton theorem](https://leanprover-community.github.io/mathlib_docs/linear_algebra/matrix/charpoly/basic.html#matrix.aeval_self_charpoly)
[Q190524](https://www.wikidata.org/wiki/Q190524),[Eigenvalue](https://leanprover-community.github.io/mathlib_docs/linear_algebra/eigenspace/basic.html#module.End.has_eigenvalue)
[Q190524](https://www.wikidata.org/wiki/Q190524),[Eigenvector](https://leanprover-community.github.io/mathlib_docs/linear_algebra/eigenspace/basic.html#module.End.has_eigenvector)
[Q1816952](https://www.wikidata.org/wiki/Q1816952),[Schur's lemma](https://leanprover-community.github.io/mathlib_docs/representation_theory/fdRep.html#fdRep.finrank_hom_simple_simple)
[Q1191722](https://www.wikidata.org/wiki/Q1191722),[Matrix exponential](https://leanprover-community.github.io/mathlib_docs/analysis/normed_space/exponential.html#exp)
[Q83478](https://www.wikidata.org/wiki/Q83478),[Group (mathematics)](https://leanprover-community.github.io/mathlib_docs/algebra/group/defs.html#group)
[Q868169](https://www.wikidata.org/wiki/Q868169),[Group morphism](https://leanprover-community.github.io/mathlib_docs/algebra/hom/group.html#monoid_hom)
[Q2725924](https://www.wikidata.org/wiki/Q2725924),[Direct product of groups](https://leanprover-community.github.io/mathlib_docs/algebra/group/prod.html#prod.group)
[Q466109](https://www.wikidata.org/wiki/Q466109),[Subgroup (mathematics)](https://leanprover-community.github.io/mathlib_docs/group_theory/subgroup/basic.html#subgroup)
[Q743179](https://www.wikidata.org/wiki/Q743179),[Normal subgroup](https://leanprover-community.github.io/mathlib_docs/group_theory/subgroup/basic.html#subgroup.normal)
[Q1138961](https://www.wikidata.org/wiki/Q1138961),[Quotient group](https://leanprover-community.github.io/mathlib_docs/group_theory/quotient_group.html#quotient_group.quotient.group)
[Q288465](https://www.wikidata.org/wiki/Q288465),[Group action (mathematics)](https://leanprover-community.github.io/mathlib_docs/group_theory/group_action/defs.html#mul_action)
[Q230664](https://www.wikidata.org/wiki/Q230664),[Orbit (mathematics)](https://leanprover-community.github.io/mathlib_docs/group_theory/group_action/basic.html#mul_action.orbit)
[Q288465](https://www.wikidata.org/wiki/Q288465),[Orbit (group theory)](https://leanprover-community.github.io/mathlib_docs/group_theory/group_action/basic.html#mul_action.orbit)
[Q1393796](https://www.wikidata.org/wiki/Q1393796),[Quotient space (linear algebra)](https://leanprover-community.github.io/mathlib_docs/group_theory/group_action/quotient.html#mul_action.orbit_equiv_quotient_stabilizer)
[Q1139111](https://www.wikidata.org/wiki/Q1139111),[Quotient space (topology)](https://leanprover-community.github.io/mathlib_docs/group_theory/group_action/quotient.html#mul_action.orbit_equiv_quotient_stabilizer)
[Q1353233](https://www.wikidata.org/wiki/Q1353233),[Conjugacy classes](https://leanprover-community.github.io/mathlib_docs/algebra/group/conj.html#conj_classes)
[Q245462](https://www.wikidata.org/wiki/Q245462),[Cyclic group](https://leanprover-community.github.io/mathlib_docs/group_theory/specific_groups/cyclic.html#is_cyclic)
[Q298582](https://www.wikidata.org/wiki/Q298582),[Signature (mathematics)](https://leanprover-community.github.io/mathlib_docs/group_theory/perm/sign.html#equiv.perm.sign)
[Q7512811](https://www.wikidata.org/wiki/Q7512811),[Signature (topology)](https://leanprover-community.github.io/mathlib_docs/group_theory/perm/sign.html#equiv.perm.sign)
[Q438814](https://www.wikidata.org/wiki/Q438814),[Alternating group](https://leanprover-community.github.io/mathlib_docs/group_theory/specific_groups/alternating.html#alternating_group)
[Q524607](https://www.wikidata.org/wiki/Q524607),[General linear group](https://leanprover-community.github.io/mathlib_docs/linear_algebra/general_linear_group.html#linear_map.general_linear_group)
[Q2140900](https://www.wikidata.org/wiki/Q2140900),[Special linear group](https://leanprover-community.github.io/mathlib_docs/linear_algebra/matrix/special_linear_group.html#matrix.special_linear_group)
[Q1783179](https://www.wikidata.org/wiki/Q1783179),[Orthogonal group](https://leanprover-community.github.io/mathlib_docs/linear_algebra/unitary_group.html#matrix.orthogonal_group)
[Q1500617](https://www.wikidata.org/wiki/Q1500617),[Unitary group](https://leanprover-community.github.io/mathlib_docs/linear_algebra/unitary_group.html#matrix.unitary_group)
[Q656198](https://www.wikidata.org/wiki/Q656198),[Maschke theorem](https://leanprover-community.github.io/mathlib_docs/representation_theory/maschke.html#monoid_algebra.submodule.exists_is_compl)
[Q161172](https://www.wikidata.org/wiki/Q161172),[Ring (mathematics)](https://leanprover-community.github.io/mathlib_docs/algebra/ring/defs.html#ring)
[Q3406712](https://www.wikidata.org/wiki/Q3406712),[Product of rings](https://leanprover-community.github.io/mathlib_docs/algebra/ring/pi.html#pi.ring)
[Q863912](https://www.wikidata.org/wiki/Q863912),[Prime ideals](https://leanprover-community.github.io/mathlib_docs/ring_theory/ideal/basic.html#ideal.is_prime)
[Q193878](https://www.wikidata.org/wiki/Q193878),[Chinese remainder theorem](https://leanprover-community.github.io/mathlib_docs/ring_theory/ideal/quotient.html#ideal.quotient_inf_ring_equiv_pi_quotient)
[Q131752](https://www.wikidata.org/wiki/Q131752),[Greatest common divisor](https://leanprover-community.github.io/mathlib_docs/algebra/gcd_monoid/basic.html#gcd_monoid.gcd)
[Q102761](https://www.wikidata.org/wiki/Q102761),[Least common multiple](https://leanprover-community.github.io/mathlib_docs/algebra/gcd_monoid/basic.html#gcd_monoid.lcm)
[Q1143969](https://www.wikidata.org/wiki/Q1143969),[Principal ideal domain](https://leanprover-community.github.io/mathlib_docs/ring_theory/principal_ideal_domain.html#submodule.is_principal)
[Q49008](https://www.wikidata.org/wiki/Q49008),[Prime numbers](https://leanprover-community.github.io/mathlib_docs/algebra/associated.html#prime)
[Q513028](https://www.wikidata.org/wiki/Q513028),[Bézout's identity](https://leanprover-community.github.io/mathlib_docs/ring_theory/principal_ideal_domain.html#exists_gcd_eq_mul_add_mul)
[Q1476663](https://www.wikidata.org/wiki/Q1476663),[Irreducible polynomial](https://leanprover-community.github.io/mathlib_docs/algebra/associated.html#irreducible)
[Q1057416](https://www.wikidata.org/wiki/Q1057416),[Eisenstein's criterion](https://leanprover-community.github.io/mathlib_docs/ring_theory/eisenstein_criterion.html#polynomial.irreducible_of_eisenstein_criterion)
[Q2228257](https://www.wikidata.org/wiki/Q2228257),[Multiplicity (mathematics)](https://leanprover-community.github.io/mathlib_docs/data/polynomial/div.html#polynomial.root_multiplicity)
[Q930499](https://www.wikidata.org/wiki/Q930499),[Symmetric polynomials](https://leanprover-community.github.io/mathlib_docs/ring_theory/mv_polynomial/symmetric.html#mv_polynomial.is_symmetric)
[Q1201101](https://www.wikidata.org/wiki/Q1201101),[Fields](https://leanprover-community.github.io/mathlib_docs/algebra/field/defs.html#field)
[Q836088](https://www.wikidata.org/wiki/Q836088),[Characteristic of a ring](https://leanprover-community.github.io/mathlib_docs/algebra/char_p/basic.html#ring_char)
[Q836088](https://www.wikidata.org/wiki/Q836088),[Characteristic zero](https://leanprover-community.github.io/mathlib_docs/algebra/char_zero/defs.html#char_zero)
[Q836088](https://www.wikidata.org/wiki/Q836088),[Characteristic p](https://leanprover-community.github.io/mathlib_docs/algebra/char_p/basic.html#char_p)
[Q6787889](https://www.wikidata.org/wiki/Q6787889),[Matrix representation](https://leanprover-community.github.io/mathlib_docs/linear_algebra/matrix/bilinear_form.html#bilin_form.to_matrix)
[Q11210](https://www.wikidata.org/wiki/Q11210),[Change of coordinates](https://leanprover-community.github.io/mathlib_docs/linear_algebra/matrix/bilinear_form.html#bilin_form.to_matrix_comp)
[Q736753](https://www.wikidata.org/wiki/Q736753),[Quadratic form](https://leanprover-community.github.io/mathlib_docs/linear_algebra/quadratic_form/basic.html#quadratic_form)
[Q1017106](https://www.wikidata.org/wiki/Q1017106),[Adjoint endomorphism](https://leanprover-community.github.io/mathlib_docs/linear_algebra/bilinear_form.html#bilin_form.left_adjoint_of_nondegenerate)
[Q1780921](https://www.wikidata.org/wiki/Q1780921),[Orthogonal complement](https://leanprover-community.github.io/mathlib_docs/analysis/inner_product_space/orthogonal.html#submodule.orthogonal)
[Q190546](https://www.wikidata.org/wiki/Q190546),[Cauchy-Schwarz inequality](https://leanprover-community.github.io/mathlib_docs/analysis/inner_product_space/basic.html#inner_mul_inner_self_le)
[Q956437](https://www.wikidata.org/wiki/Q956437),[Norm (mathematics)](https://leanprover-community.github.io/mathlib_docs/analysis/inner_product_space/basic.html#inner_product_space.core.to_has_norm)
[Q2365325](https://www.wikidata.org/wiki/Q2365325),[Orthonormal bases](https://leanprover-community.github.io/mathlib_docs/analysis/inner_product_space/projection.html#maximal_orthonormal_iff_basis_of_finite_dimensional)
[Q1783179](https://www.wikidata.org/wiki/Q1783179),[Orthogonal group](https://leanprover-community.github.io/mathlib_docs/linear_algebra/unitary_group.html#matrix.orthogonal_group)
[Q1500617](https://www.wikidata.org/wiki/Q1500617),[Unitary group](https://leanprover-community.github.io/mathlib_docs/linear_algebra/unitary_group.html#matrix.unitary_group)
[Q178192](https://www.wikidata.org/wiki/Q178192),[Cross product](https://leanprover-community.github.io/mathlib_docs/linear_algebra/cross_product.html#cross_product)
[Q36248](https://www.wikidata.org/wiki/Q36248),[Triple product](https://leanprover-community.github.io/mathlib_docs/linear_algebra/cross_product.html#triple_product_eq_det)
[Q382698](https://www.wikidata.org/wiki/Q382698),[Affine space (algebraic geometry)](https://leanprover-community.github.io/mathlib_docs/algebra/add_torsor.html#add_torsor)
[Q382497](https://www.wikidata.org/wiki/Q382497),[Affine function](https://leanprover-community.github.io/mathlib_docs/linear_algebra/affine_space/affine_map.html#affine_map)
[Q382698](https://www.wikidata.org/wiki/Q382698),[Affine subspace](https://leanprover-community.github.io/mathlib_docs/linear_algebra/affine_space/affine_subspace.html#affine_subspace)
[Q809690](https://www.wikidata.org/wiki/Q809690),[Barycenter](https://leanprover-community.github.io/mathlib_docs/linear_algebra/affine_space/combination.html#finset.affine_combination)
[Q382504](https://www.wikidata.org/wiki/Q382504),[Affine span](https://leanprover-community.github.io/mathlib_docs/linear_algebra/affine_space/affine_subspace.html#affine_span)
[Q1385465](https://www.wikidata.org/wiki/Q1385465),[Extreme point](https://leanprover-community.github.io/mathlib_docs/analysis/convex/extreme.html#set.extreme_points)
[Q1820515](https://www.wikidata.org/wiki/Q1820515),[Order (mathematics)](https://leanprover-community.github.io/mathlib_docs/data/real/basic.html#real.linear_order)
[Q141488](https://www.wikidata.org/wiki/Q141488),[Order (graph theory)](https://leanprover-community.github.io/mathlib_docs/data/real/basic.html#real.linear_order)
[Q589491](https://www.wikidata.org/wiki/Q589491),[Order (group theory)](https://leanprover-community.github.io/mathlib_docs/data/real/basic.html#real.linear_order)
[Q1431456](https://www.wikidata.org/wiki/Q1431456),[Order (ring theory)](https://leanprover-community.github.io/mathlib_docs/data/real/basic.html#real.linear_order)
[Q1211057](https://www.wikidata.org/wiki/Q1211057),[Convergence (mathematics)](https://leanprover-community.github.io/mathlib_docs/order/filter/basic.html#filter.tendsto)
[Q858223](https://www.wikidata.org/wiki/Q858223),[Limit point](https://leanprover-community.github.io/mathlib_docs/topology/basic.html#map_cluster_pt)
[Q217847](https://www.wikidata.org/wiki/Q217847),[Cauchy sequences](https://leanprover-community.github.io/mathlib_docs/topology/uniform_space/cauchy.html#cauchy_seq)
[Q630649](https://www.wikidata.org/wiki/Q630649),[Metric structure](https://leanprover-community.github.io/mathlib_docs/topology/metric_space/basic.html#real.metric_space)
[Q468391](https://www.wikidata.org/wiki/Q468391),[Bolzano-Weierstrass theorem](https://leanprover-community.github.io/mathlib_docs/topology/sequences.html#tendsto_subseq_of_bounded)
[Q1306887](https://www.wikidata.org/wiki/Q1306887),[Geometric series](https://leanprover-community.github.io/mathlib_docs/analysis/specific_limits/normed.html#tsum_geometric_of_norm_lt_1)
[Q438842](https://www.wikidata.org/wiki/Q438842),[Alternating series](https://leanprover-community.github.io/mathlib_docs/analysis/specific_limits/normed.html#antitone.tendsto_alternating_series_of_tendsto_zero)
[Q5165409](https://www.wikidata.org/wiki/Q5165409),[Continuity (mathematics)](https://leanprover-community.github.io/mathlib_docs/topology/basic.html#continuous)
[Q1322614](https://www.wikidata.org/wiki/Q1322614),[Continuity (category theory)](https://leanprover-community.github.io/mathlib_docs/topology/basic.html#continuous)
[Q170058](https://www.wikidata.org/wiki/Q170058),[Continuity (topology)](https://leanprover-community.github.io/mathlib_docs/topology/basic.html#continuous)
[Q5165476](https://www.wikidata.org/wiki/Q5165476),[Continuity (set theory)](https://leanprover-community.github.io/mathlib_docs/topology/basic.html#continuous)
[Q246639](https://www.wikidata.org/wiki/Q246639),[Limits](https://leanprover-community.github.io/mathlib_docs/order/filter/basic.html#filter.tendsto)
[Q245098](https://www.wikidata.org/wiki/Q245098),[Intermediate value theorem](https://leanprover-community.github.io/mathlib_docs/topology/algebra/order/intermediate_value.html#intermediate_value_Icc)
[Q783507](https://www.wikidata.org/wiki/Q783507),[Differentiable functions](https://leanprover-community.github.io/mathlib_docs/analysis/calculus/deriv/basic.html#has_deriv_at)
[Q193286](https://www.wikidata.org/wiki/Q193286),[Rolle's theorem](https://leanprover-community.github.io/mathlib_docs/analysis/calculus/local_extr.html#exists_deriv_eq_zero)
[Q189136](https://www.wikidata.org/wiki/Q189136),[Mean value theorem](https://leanprover-community.github.io/mathlib_docs/analysis/calculus/mean_value.html#exists_ratio_deriv_eq_ratio_slope)
[Q394747](https://www.wikidata.org/wiki/Q394747),[Leibniz formula](https://leanprover-community.github.io/mathlib_docs/analysis/calculus/deriv/mul.html#deriv_mul)
[Q41237](https://www.wikidata.org/wiki/Q41237),[Rational functions](https://leanprover-community.github.io/mathlib_docs/field_theory/ratfunc.html#ratfunc.eval)
[Q11197](https://www.wikidata.org/wiki/Q11197),[Logarithms](https://leanprover-community.github.io/mathlib_docs/analysis/special_functions/log/basic.html#real.log)
[Q4391173](https://www.wikidata.org/wiki/Q4391173),[Exponential (category theory)](https://leanprover-community.github.io/mathlib_docs/data/complex/exponential.html#real.exp)
[Q93344](https://www.wikidata.org/wiki/Q93344),[Trigonometric functions](https://leanprover-community.github.io/mathlib_docs/data/complex/exponential.html#real.sin)
[Q204034](https://www.wikidata.org/wiki/Q204034),[Hyperbolic trigonometric functions](https://leanprover-community.github.io/mathlib_docs/data/complex/exponential.html#real.sinh)
[Q674533](https://www.wikidata.org/wiki/Q674533),[Inverse trigonometric functions](https://leanprover-community.github.io/mathlib_docs/analysis/special_functions/trigonometric/inverse.html#real.arcsin)
[Q1156903](https://www.wikidata.org/wiki/Q1156903),[Riemann sums](https://leanprover-community.github.io/mathlib_docs/analysis/box_integral/basic.html#box_integral.integral_sum)
[Q1934165](https://www.wikidata.org/wiki/Q1934165),[Change of variable](https://leanprover-community.github.io/mathlib_docs/measure_theory/integral/fund_thm_calculus.html#interval_integral.integral_comp_smul_deriv)
[Q273328](https://www.wikidata.org/wiki/Q273328),[Integration by parts](https://leanprover-community.github.io/mathlib_docs/measure_theory/integral/fund_thm_calculus.html#interval_integral.integral_mul_deriv_eq_deriv_mul)
[Q1778098](https://www.wikidata.org/wiki/Q1778098),[Pointwise convergence](https://leanprover-community.github.io/mathlib_docs/topology/constructions.html#tendsto_pi_nhds)
[Q1411887](https://www.wikidata.org/wiki/Q1411887),[Uniform convergence](https://leanprover-community.github.io/mathlib_docs/topology/uniform_space/uniform_convergence.html#tendsto_uniformly)
[Q1428097](https://www.wikidata.org/wiki/Q1428097),[Radius of convergence](https://leanprover-community.github.io/mathlib_docs/analysis/analytic/basic.html#formal_multilinear_series.radius)
[Q5165409](https://www.wikidata.org/wiki/Q5165409),[Continuity (mathematics)](https://leanprover-community.github.io/mathlib_docs/analysis/analytic/basic.html#has_fpower_series_on_ball.continuous_on)
[Q1322614](https://www.wikidata.org/wiki/Q1322614),[Continuity (category theory)](https://leanprover-community.github.io/mathlib_docs/analysis/analytic/basic.html#has_fpower_series_on_ball.continuous_on)
[Q170058](https://www.wikidata.org/wiki/Q170058),[Continuity (topology)](https://leanprover-community.github.io/mathlib_docs/analysis/analytic/basic.html#has_fpower_series_on_ball.continuous_on)
[Q5165476](https://www.wikidata.org/wiki/Q5165476),[Continuity (set theory)](https://leanprover-community.github.io/mathlib_docs/analysis/analytic/basic.html#has_fpower_series_on_ball.continuous_on)
[Q93344](https://www.wikidata.org/wiki/Q93344),[Cosine](https://leanprover-community.github.io/mathlib_docs/data/complex/exponential.html#complex.cos)
[Q152415](https://www.wikidata.org/wiki/Q152415),[Sine (mathematics)](https://leanprover-community.github.io/mathlib_docs/data/complex/exponential.html#complex.sin)
[Q207476](https://www.wikidata.org/wiki/Q207476),[Holomorphic functions](https://leanprover-community.github.io/mathlib_docs/analysis/calculus/fderiv/basic.html#differentiable_on)
[Q1914255](https://www.wikidata.org/wiki/Q1914255),[Maximum principle](https://leanprover-community.github.io/mathlib_docs/analysis/complex/abs_max.html#complex.eventually_eq_of_is_local_max_norm)
[Q17130880](https://www.wikidata.org/wiki/Q17130880),[Induced topology](https://leanprover-community.github.io/mathlib_docs/topology/order.html#topological_space.induced)
[Q170058](https://www.wikidata.org/wiki/Q170058),[Continuous functions](https://leanprover-community.github.io/mathlib_docs/topology/basic.html#continuous)
[Q202906](https://www.wikidata.org/wiki/Q202906),[Homeomorphisms](https://leanprover-community.github.io/mathlib_docs/topology/homeomorph.html#homeomorph)
[Q1491995](https://www.wikidata.org/wiki/Q1491995),[Connectedness (topology)](https://leanprover-community.github.io/mathlib_docs/topology/connected.html#connected_space)
[Q230655](https://www.wikidata.org/wiki/Q230655),[Connectedness (graph theory)](https://leanprover-community.github.io/mathlib_docs/topology/connected.html#connected_space)
[Q230646](https://www.wikidata.org/wiki/Q230646),[Connected components](https://leanprover-community.github.io/mathlib_docs/topology/connected.html#connected_component)
[Q1491995](https://www.wikidata.org/wiki/Q1491995),[Path connectedness](https://leanprover-community.github.io/mathlib_docs/topology/path_connected.html#is_path_connected)
[Q652707](https://www.wikidata.org/wiki/Q652707),[Lipschitz functions](https://leanprover-community.github.io/mathlib_docs/topology/metric_space/lipschitz.html#lipschitz_with)
[Q741865](https://www.wikidata.org/wiki/Q741865),[Uniformly continuous functions](https://leanprover-community.github.io/mathlib_docs/topology/metric_space/basic.html#metric.uniform_continuous_iff)
[Q765987](https://www.wikidata.org/wiki/Q765987),[Heine-Cantor theorem](https://leanprover-community.github.io/mathlib_docs/topology/uniform_space/compact.html#compact_space.uniform_continuous_of_continuous)
[Q220680](https://www.wikidata.org/wiki/Q220680),[Contraction mapping theorem](https://leanprover-community.github.io/mathlib_docs/topology/metric_space/contracting.html#contracting_with.exists_fixed_point)
[Q1477053](https://www.wikidata.org/wiki/Q1477053),[Arzela-Ascoli theorem](https://leanprover-community.github.io/mathlib_docs/topology/continuous_function/bounded.html#bounded_continuous_function.arzela_ascoli)
[Q3527215](https://www.wikidata.org/wiki/Q3527215),[Hilbert projection theorem](https://leanprover-community.github.io/mathlib_docs/analysis/inner_product_space/projection.html#exists_norm_eq_infi_of_complete_convex)
[Q752487](https://www.wikidata.org/wiki/Q752487),[Dual space](https://leanprover-community.github.io/mathlib_docs/analysis/normed_space/dual.html#normed_space.dual.normed_space)
[Q1357684](https://www.wikidata.org/wiki/Q1357684),[Riesz representation theorem](https://leanprover-community.github.io/mathlib_docs/analysis/inner_product_space/dual.html#inner_product_space.to_dual)
[Q29864097](https://www.wikidata.org/wiki/Q29864097),[Example](https://leanprover-community.github.io/mathlib_docs/analysis/fourier/add_circle.html#fourier_basis)
[Q9993851](https://www.wikidata.org/wiki/Q9993851),[Lax-Milgram theorem](https://leanprover-community.github.io/mathlib_docs/analysis/inner_product_space/lax_milgram.html#is_coercive.continuous_linear_equiv_of_bilin)
[Q17004731](https://www.wikidata.org/wiki/Q17004731),[Chain rule (probability)](https://leanprover-community.github.io/mathlib_docs/analysis/calculus/fderiv/comp.html#fderiv.comp)
[Q189136](https://www.wikidata.org/wiki/Q189136),[Mean value theorem](https://leanprover-community.github.io/mathlib_docs/analysis/calculus/mean_value.html#exists_ratio_deriv_eq_ratio_slope)
[Q783507](https://www.wikidata.org/wiki/Q783507),[Differentiable functions](https://leanprover-community.github.io/mathlib_docs/analysis/calculus/fderiv/basic.html#differentiable)
[Q845060](https://www.wikidata.org/wiki/Q845060),[Local extrema](https://leanprover-community.github.io/mathlib_docs/analysis/calculus/local_extr.html#is_local_min.fderiv_eq_zero)
[Q1058314](https://www.wikidata.org/wiki/Q1058314),[Diffeomorphisms](https://leanprover-community.github.io/mathlib_docs/geometry/manifold/charted_space.html#structomorph)
[Q931001](https://www.wikidata.org/wiki/Q931001),[Inverse function theorem](https://leanprover-community.github.io/mathlib_docs/analysis/calculus/inverse.html#has_strict_deriv_at.to_local_inverse)
[Q848375](https://www.wikidata.org/wiki/Q848375),[Implicit function theorem](https://leanprover-community.github.io/mathlib_docs/analysis/calculus/implicit.html#implicit_function_data.implicit_function)
[Q510733](https://www.wikidata.org/wiki/Q510733),[Grönwall lemma](https://leanprover-community.github.io/mathlib_docs/analysis/ODE/gronwall.html#norm_le_gronwall_bound_of_norm_deriv_right_le)
[Q217357](https://www.wikidata.org/wiki/Q217357),[Sigma-algebras](https://leanprover-community.github.io/mathlib_docs/measure_theory/measurable_space_def.html#measurable_space)
[Q192276](https://www.wikidata.org/wiki/Q192276),[Positive measure](https://leanprover-community.github.io/mathlib_docs/measure_theory/measure/measure_space_def.html#measure_theory.measure)
[Q247204](https://www.wikidata.org/wiki/Q247204),[Counting measure](https://leanprover-community.github.io/mathlib_docs/measure_theory/measure/measure_space.html#measure_theory.measure.count)
[Q827230](https://www.wikidata.org/wiki/Q827230),[Lebesgue measure](https://leanprover-community.github.io/mathlib_docs/measure_theory/measure/measure_space_def.html#measure_theory.measure_space)
[Q1572094](https://www.wikidata.org/wiki/Q1572094),[Product measure](https://leanprover-community.github.io/mathlib_docs/measure_theory/measurable_space.html#measurable_space.pi)
[Q1153584](https://www.wikidata.org/wiki/Q1153584),[Monotone convergence theorem](https://leanprover-community.github.io/mathlib_docs/measure_theory/integral/lebesgue.html#measure_theory.lintegral_infi_ae)
[Q1068118](https://www.wikidata.org/wiki/Q1068118),[Fatou's lemma](https://leanprover-community.github.io/mathlib_docs/measure_theory/integral/lebesgue.html#measure_theory.lintegral_liminf_le)
[Q1067156](https://www.wikidata.org/wiki/Q1067156),[Dominated convergence theorem](https://leanprover-community.github.io/mathlib_docs/measure_theory/integral/bochner.html#measure_theory.tendsto_integral_of_dominated_convergence)
[Q731894](https://www.wikidata.org/wiki/Q731894),[Holder's inequality](https://leanprover-community.github.io/mathlib_docs/measure_theory/integral/mean_inequalities.html#nnreal.lintegral_mul_le_Lp_mul_Lq)
[Q1149022](https://www.wikidata.org/wiki/Q1149022),[Fubini's theorem](https://leanprover-community.github.io/mathlib_docs/measure_theory/constructions/prod/integral.html#measure_theory.integral_prod)
[Q210857](https://www.wikidata.org/wiki/Q210857),[Convolution (mathematics)](https://leanprover-community.github.io/mathlib_docs/analysis/convolution.html#convolution)
[Q1187640](https://www.wikidata.org/wiki/Q1187640),[Riemann-Lebesgue lemma](https://leanprover-community.github.io/mathlib_docs/analysis/fourier/riemann_lebesgue_lemma.html#tendsto_integral_exp_smul_cocompact)
[Q1443036](https://www.wikidata.org/wiki/Q1443036),[Parseval theorem](https://leanprover-community.github.io/mathlib_docs/analysis/fourier/add_circle.html#tsum_sq_fourier_coeff)
[Q355020](https://www.wikidata.org/wiki/Q355020),[Probability measure](https://leanprover-community.github.io/mathlib_docs/measure_theory/measure/measure_space.html#measure_theory.is_probability_measure)
[Q1297532](https://www.wikidata.org/wiki/Q1297532),[Events](https://leanprover-community.github.io/mathlib_docs/measure_theory/measurable_space_def.html#measurable_set)
[Q625303](https://www.wikidata.org/wiki/Q625303),[Independent events](https://leanprover-community.github.io/mathlib_docs/probability/independence/basic.html#probability_theory.Indep_set)
[Q217357](https://www.wikidata.org/wiki/Q217357),[Sigma-algebra](https://leanprover-community.github.io/mathlib_docs/measure_theory/measurable_space_def.html#measurable_space)
[Q14481419](https://www.wikidata.org/wiki/Q14481419),[0-1 law](https://leanprover-community.github.io/mathlib_docs/probability/independence/zero_one.html#probability_theory.measure_zero_or_one_of_measurable_set_limsup_at_top)
[Q327069](https://www.wikidata.org/wiki/Q327069),[Conditional probability](https://leanprover-community.github.io/mathlib_docs/probability/conditional_probability.html#probability_theory.cond)
[Q207522](https://www.wikidata.org/wiki/Q207522),[Probability density function](https://leanprover-community.github.io/mathlib_docs/probability/density.html#measure_theory.has_pdf)
[Q625303](https://www.wikidata.org/wiki/Q625303),[Independence of random variables](https://leanprover-community.github.io/mathlib_docs/probability/independence/basic.html#probability_theory.Indep_fun)
[Q1451745](https://www.wikidata.org/wiki/Q1451745),[Moments](https://leanprover-community.github.io/mathlib_docs/probability/moments.html#probability_theory.moment)
[Q578985](https://www.wikidata.org/wiki/Q578985),[Convergence in probability](https://leanprover-community.github.io/mathlib_docs/measure_theory/function/convergence_in_measure.html#measure_theory.tendsto_in_measure)
[Q842436](https://www.wikidata.org/wiki/Q842436),[Markov inequality](https://leanprover-community.github.io/mathlib_docs/measure_theory/integral/lebesgue.html#measure_theory.mul_meas_ge_le_lintegral)
[Q207952](https://www.wikidata.org/wiki/Q207952),[Strong law of large numbers](https://leanprover-community.github.io/mathlib_docs/probability/strong_law.html#probability_theory.strong_law_ae)
[Q861606](https://www.wikidata.org/wiki/Q861606),[Lagrange interpolation](https://leanprover-community.github.io/mathlib_docs/linear_algebra/lagrange.html#lagrange.interpolate)